-- ============================================================
-- InDubai Portal — Seed Data
-- Generated: 2026-02-25 15:59:50
-- ============================================================

begin;

-- ── CLIENTS ─────────────────────────────────────────────────
insert into clients (
  id, company_name, contact_name, accounting_partner,
  bank_accounts, bank_notes, corporate_tax_registered,
  trade_license_date, corporate_tax_expiry,
  service_cost, start_date, subscription_day,
  is_active, in_bilancio, notes
) values
  ('7724d02f-cf27-e8af-6878-4e484460dd17', 'AARNIKO CONSULTING - Felice La Forza', 'Felice La Forza', 'vat_consultant',
   ARRAY['wio']::text[], 'c/c Wio business - fatture sempre con il timbro', true,
   '2024-01-05', NULL,
   NULL, NULL, 2,
   true, true, NULL),
  ('f0ccfdcf-8f05-62ac-8899-7091f7487fe1', 'AIGLASS - Arpaia + Walter lento', 'Arpaia + Walter lento', NULL,
   NULL, 'in sospeso', true,
   NULL, NULL,
   NULL, NULL, NULL,
   true, true, NULL),
  ('fc4195af-9fa5-6f04-dbde-9c9e5d45ed34', 'ALBA PROJECT - Omar Degli Antoni', 'Omar Degli Antoni', 'noi',
   ARRAY['wio']::text[], 'Wio Business', true,
   '2025-11-24', NULL,
   NULL, NULL, 9,
   true, true, NULL),
  ('670a4449-9696-0594-037a-4d0b44d9f464', 'ANDEMA - Alessandro De Angelis', 'Alessandro De Angelis', 'affinitas',
   NULL, 'attivo su affinitas, sempre a Pellegrino', true,
   '2024-04-24', NULL,
   NULL, NULL, NULL,
   true, true, NULL),
  ('44323647-0e8c-e83c-c207-0c8967459a58', 'ANGELONIC CONSULTING FZCO - Angelo', 'Angelo', 'vat_consultant',
   ARRAY['wio', 'paypal']::text[], 'c/c Wio Business e Paypal', true,
   '2025-04-16', NULL,
   NULL, NULL, 9,
   true, true, NULL),
  ('de32ee56-59b1-8e38-2667-f3741e7ccbd1', 'ARMN MILLIONAIRE - Alessandro Armeni', 'Alessandro Armeni', 'affinitas',
   NULL, 'attivo su affinitas', true,
   NULL, NULL,
   NULL, NULL, 22,
   true, true, NULL),
  ('bbdaba9c-c4e7-14d7-8810-d6fc9c18bf5b', 'AURA NANOTECHNOLOGY', NULL, NULL,
   NULL, NULL, true,
   NULL, NULL,
   NULL, NULL, NULL,
   true, true, NULL),
  ('3f116211-c3d5-ece3-654b-0b757eb2c282', 'BACANI SERVICES - Barbara', 'Barbara', 'noi',
   ARRAY['wio']::text[], 'Wio business - emettere mensilmente la fattura - stesso cliente', true,
   NULL, '2025-12-08',
   NULL, NULL, 3,
   true, true, NULL),
  ('b0671ffd-6ee8-f498-e624-d34d20923506', 'BLACK TOP REAL ESTATE - Massimo Enea ...', 'Massimo Enea ...', 'vat_consultant',
   NULL, 'chiedere da quando hanno aperto il conto', true,
   NULL, NULL,
   NULL, NULL, NULL,
   true, true, NULL),
  ('fba61e9b-85c8-e2c0-5148-32f9ad8cd5a6', 'BLACKCAT - Andrea e Anastasia', 'Andrea e Anastasia', 'noi',
   NULL, 'in attesa di banca', true,
   NULL, NULL,
   NULL, NULL, NULL,
   true, true, NULL),
  ('197d9d0b-4382-816b-69f3-ca6d7a5b9ced', 'BPI Venturs - Brian', 'Brian', 'noi',
   NULL, NULL, true,
   NULL, NULL,
   NULL, NULL, 16,
   true, true, NULL),
  ('4e48caa4-d42b-4e63-e808-a2c9597de036', 'BRAGATO PATENT - Stefano Bragato', 'Stefano Bragato', 'noi',
   ARRAY['wio']::text[], 'Wio Business', true,
   NULL, NULL,
   NULL, NULL, 23,
   true, true, NULL),
  ('ddf99052-cc19-7595-19bd-743e28277401', 'BRONTESE FOOD TRADING - Gaetano', 'Gaetano', NULL,
   NULL, 'in sospeso', true,
   NULL, NULL,
   NULL, NULL, NULL,
   true, true, NULL),
  ('5b71b136-2eab-38c3-3a31-272ac9afb758', 'CAPITANI NEXORA - Paolo Capitani', 'Paolo Capitani', NULL,
   NULL, NULL, true,
   NULL, NULL,
   NULL, NULL, 19,
   true, true, NULL),
  ('2011102f-fc18-181e-8014-c06ca2fb33f8', 'CCH SPECIALIST - Francesco Pio Piscicelli', 'Francesco Pio Piscicelli', 'noi',
   ARRAY['wio', 'stripe']::text[], 'Wio Business e stripe', true,
   NULL, NULL,
   NULL, NULL, 10,
   true, true, NULL),
  ('cd792f08-57fa-932f-f14c-26965a607ee7', 'CM Consulting - Claudia', 'Claudia', 'noi',
   ARRAY['wio']::text[], 'Wio Business, chiedere dall''apertura del conto', true,
   '2025-11-30', NULL,
   NULL, NULL, 13,
   true, true, NULL),
  ('2f87470d-f401-5f0c-ae26-8d1050e347d0', 'COMITIA GLOBAL - FZCO', 'FZCO', 'noi',
   ARRAY['mashreq']::text[], 'c/c Mashreq Password per aprire file c/c: 015625989', true,
   '2025-02-20', NULL,
   NULL, NULL, 26,
   true, true, NULL),
  ('a7e0dfe3-c14f-2d23-1ff8-51e6bd095398', 'CONSULTABASE INTERNATIONAL - Ruben', 'Ruben', 'noi',
   ARRAY['wio']::text[], 'Wio Business', true,
   NULL, NULL,
   NULL, NULL, 10,
   true, true, NULL),
  ('b5b7e4d4-9a65-d99c-2eb0-ac7ab77a1ee9', 'CONTACTION MARKETING -  Letizia', 'Letizia', NULL,
   ARRAY['wio', 'stripe']::text[], 'Wio Business, Stripe - chiedere dall''apertura del conto', true,
   NULL, NULL,
   NULL, NULL, 23,
   true, true, NULL),
  ('e8d9ddc6-7074-480d-d5ac-e39af8149803', 'CYBERSITE SOLUTION - Giovanni Carlone', 'Giovanni Carlone', 'noi',
   NULL, 'Affinitas disdetto il 04 FEB. Passa da noi', true,
   NULL, NULL,
   NULL, NULL, 1,
   true, true, NULL),
  ('bea3631e-aec8-3865-7f5b-e78d1f2608c8', 'DEB HOMES AND STYLE CONSULTING - FZCO', 'FZCO', NULL,
   NULL, NULL, true,
   '2025-04-24', NULL,
   NULL, NULL, NULL,
   true, true, NULL),
  ('aa832b0b-ba5d-d53c-7f91-e01b56ea392a', 'DGP Coaching - Davide Gariboldi e Gloria', 'Davide Gariboldi e Gloria', 'noi',
   NULL, NULL, false,
   NULL, NULL,
   NULL, NULL, 6,
   true, true, NULL),
  ('6159fbb8-42df-06ee-6784-0fb174e719df', 'DIGIFLT INTERNATIONAL FZCO - Luca e Francesco', 'Luca e Francesco', 'vat_consultant',
   ARRAY['wio']::text[], 'Wio Business', true,
   NULL, NULL,
   NULL, NULL, 22,
   true, true, NULL),
  ('95dcc705-0011-6269-ffc8-d80411a67b26', 'DIGITAL GROWTH SOLUTIONS FZCO - Gian Paolo', 'Gian Paolo', 'vat_consultant',
   NULL, 'VAT da giugno25', true,
   '2025-04-04', NULL,
   NULL, NULL, 6,
   true, true, NULL),
  ('380ce226-afe6-ba76-fbd8-9cdc0b675701', 'DRONEVIEW SOLUTIONS - Michele e Alejandro', 'Michele e Alejandro', 'noi',
   ARRAY['wio']::text[], 'Wio Business', true,
   NULL, '2025-12-16',
   NULL, NULL, 23,
   true, true, NULL),
  ('d9f7b290-07d3-fb3c-3726-0a6e8f147b89', 'DTD GLOBAL - Tommaso', 'Tommaso', 'vat_consultant',
   ARRAY['wio']::text[], 'Wio Business', true,
   NULL, NULL,
   NULL, NULL, 26,
   true, true, NULL),
  ('a6c1d0d8-863c-f001-728b-2c0b81f0127d', 'DUBYTE WEB SOLUTIONS FZCO - Valerio e Nicola', 'Valerio e Nicola', 'noi',
   NULL, NULL, true,
   NULL, NULL,
   NULL, NULL, 26,
   true, true, NULL),
  ('d94ecee2-8ff2-a604-1e96-acdf38bb5b38', 'ECLIPTIUM - Eric Sabatino', 'Eric Sabatino', NULL,
   NULL, 'in sospeso', true,
   NULL, '2025-10-29',
   NULL, NULL, NULL,
   true, true, NULL),
  ('6d593d0f-ad28-ff8f-6d00-6e36f6678c7b', 'ECOLOH MEDIA SERVICES - Giuseppe e Matilde', 'Giuseppe e Matilde', 'noi',
   ARRAY['wio', 'paypal']::text[], 'fare le fatture Tiktok wio e paypal', true,
   NULL, NULL,
   NULL, NULL, 11,
   true, true, NULL),
  ('92b1ec96-0bc8-2146-0119-1c755987fe99', 'ECOMSHARK - Daniele Bova', 'Daniele Bova', 'affinitas',
   NULL, 'lascierà affinitas a gennaio e verrà da noi', true,
   NULL, NULL,
   NULL, NULL, 10,
   true, true, NULL),
  ('7de07b9e-60cb-407d-03dc-24d8a63ae014', 'ECOMTOP COMMERCIAL - Giovanni Manna', 'Giovanni Manna', 'noi',
   ARRAY['wio']::text[], 'Wio Business - chiedere i bank statement dalla data di apertura', true,
   NULL, NULL,
   NULL, NULL, 25,
   true, true, NULL),
  ('d93187f1-8d2e-2584-6fbe-4aa1d636dcd9', 'EKO Entertainment FZCO - Girolamo', 'Girolamo', 'vat_consultant',
   ARRAY['wio', 'paypal', 'stripe']::text[], 'Paypal, Stripe, Wio Business', true,
   NULL, '2025-09-18',
   NULL, NULL, 23,
   true, true, NULL),
  ('f8b70254-e578-7c5d-5bba-8795ecd11971', 'ELEVATEWELL - Emanuele e Elisa', 'Emanuele e Elisa', 'vat_consultant',
   ARRAY['wio', 'paypal', 'stripe']::text[], 'Wio Business, Stripe e Paypal', true,
   NULL, NULL,
   NULL, NULL, 22,
   true, true, NULL),
  ('a49312ca-b729-e183-e217-a8a03603615c', 'EMOTIONAL SPARK - Diletta Masi', 'Diletta Masi', 'noi',
   NULL, 'se fa tante fatture poi darlo a VAT', true,
   NULL, '2025-11-23',
   NULL, NULL, 22,
   true, true, NULL),
  ('72e8d369-a310-276b-ee74-b43a3c34e7a2', 'ENG MANAGEMENT - Antonello Algeri', 'Antonello Algeri', 'noi',
   NULL, 'non fornire mai i suoi dati personali', true,
   NULL, '2025-10-19',
   NULL, NULL, 23,
   true, true, NULL),
  ('bc757f51-a251-b788-bd9b-e38ea2c8c6ca', 'ENGRAM INSPIRE LABS - Andrea Taddei e Matilde', 'Andrea Taddei e Matilde', 'vat_consultant',
   ARRAY['wio', 'paypal', 'stripe']::text[], 'Wio Business, Stripe & Paypal', true,
   NULL, '2025-11-27',
   NULL, NULL, 18,
   true, true, NULL),
  ('1f717da7-4dc9-3f31-1ff9-93b03dfe1bdb', 'ENKIE AI - FZCO', 'FZCO', NULL,
   NULL, 'le robo el socio', true,
   NULL, '2025-09-08',
   NULL, NULL, NULL,
   true, true, NULL),
  ('ed530b3a-1950-0522-c897-e69350177b68', 'ERREZETA MARKETING - Fabiana', 'Fabiana', 'noi',
   ARRAY['wio']::text[], 'non ci sono fatture emesse - c/c Wio Business', true,
   NULL, NULL,
   NULL, NULL, 15,
   true, true, NULL),
  ('b4bf5b8f-72fc-2f9d-ff65-a2c1fc97c5ce', 'ETERNA OASIS - Renato e Sofia', 'Renato e Sofia', 'vat_consultant',
   ARRAY['wio', 'stripe']::text[], 'c/c Stripe, Wio Business e Shopify', true,
   NULL, NULL,
   NULL, NULL, 10,
   true, true, NULL),
  ('d4b409c3-f197-a8c1-62d9-c28c95898b08', 'EVOLVER - Marco Russo', 'Marco Russo', 'vat_consultant',
   ARRAY['wio']::text[], 'Wio Business', true,
   NULL, NULL,
   NULL, NULL, 28,
   true, true, NULL),
  ('6c72d256-daee-b1d0-5ee0-5d3795b2c420', 'FASTSCALE CONSULTING - Alin cristian Istoc', 'Alin cristian Istoc', 'affinitas',
   NULL, 'attivo su affinitas', true,
   NULL, NULL,
   NULL, NULL, NULL,
   true, true, NULL),
  ('953f6352-7448-d43e-a163-bff61126fd9a', 'FIG9 ECOM - Andrea Barbieri', 'Andrea Barbieri', 'noi',
   ARRAY['wio']::text[], 'Wio Business', true,
   NULL, NULL,
   NULL, NULL, 10,
   true, true, NULL),
  ('a90f8d62-e32c-e025-866c-e8d5a9742fe7', 'FINIT MARKETING - Ekaterina Vashchenkova', 'Ekaterina Vashchenkova', 'noi',
   ARRAY['wio', 'paypal']::text[], 'Wio e Paypal - Affinitas shutdown per mancanza di pagamento', true,
   NULL, NULL,
   NULL, NULL, 19,
   true, true, NULL),
  ('d76a751a-f435-372b-3312-06ca8c3e00ae', 'FUTURE ND INTERNATIONAL - Anis Rejil', 'Anis Rejil', 'altro',
   NULL, 'dobbiamo conservarlo qui?', false,
   NULL, NULL,
   NULL, NULL, NULL,
   true, true, NULL),
  ('d49ae69b-f9d4-8267-2c5d-2ca0b5e5958d', 'FVGLOBAL GROUP FZCO - Felice e Pietro', 'Felice e Pietro', 'noi',
   ARRAY['wio']::text[], 'Wio Business', true,
   '2025-04-15', NULL,
   NULL, NULL, 17,
   true, true, NULL),
  ('b6642a68-21b7-5d3b-94d1-0605f87a027e', 'GDV - Gianluca', 'Gianluca', NULL,
   ARRAY['wio', 'ziina', 'stripe']::text[], 'Stripe, Wio e Ziina', true,
   NULL, NULL,
   NULL, NULL, NULL,
   true, true, NULL),
  ('8795ecd2-93af-0d76-855b-0569753bd008', 'GLOBAL HAIR by Nicolas - Nicola Selvo', 'Nicola Selvo', 'noi',
   ARRAY['wio']::text[], 'Wio Business', true,
   '2025-10-07', NULL,
   NULL, NULL, 22,
   true, true, NULL),
  ('bb652011-53cd-2fbb-f70a-a7f60c160d83', 'GTRADIN CONSULTING - Giovanni', 'Giovanni', 'affinitas',
   NULL, 'Affinitas non deve mai scrivergli', true,
   NULL, NULL,
   NULL, NULL, 20,
   true, true, NULL),
  ('2bbf4f00-ca2a-deb0-87bb-d12ab56283c0', 'HARMONIA PRESTIGE - Pamela Schiavina', 'Pamela Schiavina', 'noi',
   NULL, 'non ha il c/c aziendale, dobbiamo chiedere qualcosa?', false,
   NULL, NULL,
   NULL, NULL, 15,
   true, true, NULL),
  ('2d090dc9-23c9-e17c-4cd0-eb41285bf4b6', 'KRAXIS - Fabrizio e Grazia', 'Fabrizio e Grazia', 'noi',
   NULL, 'chiedere dall''apertura del conto', true,
   NULL, NULL,
   NULL, NULL, 25,
   true, true, NULL),
  ('b977b685-d80b-6ac6-5bd9-470e8485e555', 'KRYS INTERNATIONAL CONSULTING - Cristina Sappino', 'Cristina Sappino', 'vat_consultant',
   ARRAY['wio']::text[], 'Wio Business', true,
   NULL, NULL,
   NULL, NULL, 9,
   true, true, NULL),
  ('d858744d-eb0e-928f-d4db-b16bcce0fb16', 'LA BANCHINA CAFFE - Francesco', 'Francesco', NULL,
   NULL, 'aspettare il conto', true,
   NULL, NULL,
   NULL, NULL, NULL,
   true, true, NULL),
  ('4f49f2cc-fc31-cebf-1190-f7e1ba2ffb49', 'LDP CONSULTING - Luca del Prete', 'Luca del Prete', 'noi',
   ARRAY['mashreq']::text[], 'Mashreq', true,
   NULL, NULL,
   NULL, NULL, 20,
   true, true, NULL),
  ('18f49da7-008c-0623-ca1f-0b6197e9a171', 'LION FASHION - Alessandro Campitiello', 'Alessandro Campitiello', 'vat_consultant',
   ARRAY['wio', 'stripe']::text[], 'c/c Wio Business e stripe', true,
   NULL, NULL,
   NULL, NULL, 12,
   true, true, NULL),
  ('a1fdba57-7cb6-5998-c712-a8548eb61229', 'LUXITAMADE TECHNICAL SERVICES - Valentina Verardi', 'Valentina Verardi', 'noi',
   ARRAY['wio']::text[], 'Wio business', true,
   NULL, NULL,
   NULL, NULL, NULL,
   true, true, NULL),
  ('9bcdbcc1-c840-3d52-b6fe-f84970d8d675', 'LVS FARIAS SOLUTION - Elvis', 'Elvis', 'noi',
   NULL, 'ancora non serve il conto', true,
   '2025-10-08', NULL,
   NULL, NULL, 15,
   true, true, NULL),
  ('a444bb06-cd06-f471-c8bd-e541868d1c01', 'MCG GLOBAL  - Marco Catuadella e Alessandro', 'Marco Catuadella e Alessandro', 'vat_consultant',
   NULL, 'era Affinitas fino settembre, Zoho free fa solo 1 fattura. Disastro.', true,
   NULL, NULL,
   NULL, NULL, 4,
   true, true, NULL),
  ('762bf2e2-1c3b-0737-8d43-213179c80700', 'MERRY PROJECT - Marco', 'Marco', 'vat_consultant',
   ARRAY['wio']::text[], 'Wio Business', true,
   NULL, NULL,
   NULL, NULL, 29,
   true, true, NULL),
  ('3de4901a-1ba6-75ce-fad3-5ae673124ccd', 'MFC Velocity Bespoken - Mourad e Fabio', 'Mourad e Fabio', 'noi',
   ARRAY['wio']::text[], 'Wio Business', false,
   NULL, NULL,
   NULL, NULL, 25,
   true, true, NULL),
  ('cc0c7355-4346-762f-6a9b-94721d908c31', 'MFM GLOBAL FIT - Monia, ma Giuseppe', 'Monia, ma Giuseppe', 'noi',
   NULL, 'Lo fa Giuseppe, aprire Zoho e pagare a noi', true,
   NULL, '2025-10-20',
   NULL, NULL, 21,
   true, true, NULL),
  ('550afa64-fd61-8949-804e-ced7c0e9cdb9', 'MILIONLINE CONSULTING - Anastasiya', 'Anastasiya', 'noi',
   ARRAY['wio']::text[], 'Wio Business', true,
   NULL, NULL,
   NULL, NULL, 10,
   true, true, NULL),
  ('11fa5a95-92a3-047d-6a08-ea2c868db2ed', 'MULA SOCIAL MEDIA STRATEGY - Faatma Jendoubi', 'Faatma Jendoubi', 'noi',
   ARRAY['wio', 'paypal']::text[], 'Wio , Paypal e Whop', true,
   NULL, NULL,
   NULL, NULL, 10,
   true, true, NULL),
  ('99285a3b-608a-fd8a-f88e-bf31c6bcc6e8', 'NAGICA - Gianfranco', 'Gianfranco', 'noi',
   NULL, 'da febbraio viene da Affinitas', true,
   NULL, NULL,
   NULL, NULL, NULL,
   true, true, NULL),
  ('5f3a66d4-b11f-3c65-4ac6-be5ecfa23858', 'NEUTROBITS - Andrea Sawires', 'Andrea Sawires', 'affinitas',
   ARRAY['wio']::text[], 'Wio Business', true,
   NULL, NULL,
   NULL, NULL, 24,
   true, true, NULL),
  ('0c35007e-a06e-8184-ed58-cc66a303f302', 'NEXSOLVE - Fabio Diana', 'Fabio Diana', 'affinitas',
   NULL, 'signore che lo deve chiamare Pellegrino ogni mese per statem', true,
   NULL, NULL,
   NULL, NULL, 26,
   true, true, NULL),
  ('84c8f9e7-6483-d20b-312a-5208d351fb9f', 'NEXTGEN LIFE FZCO - Alessandro Banfi', 'Alessandro Banfi', 'vat_consultant',
   ARRAY['wio']::text[], 'Wio Business', true,
   '2025-04-09', NULL,
   NULL, NULL, 10,
   true, true, NULL),
  ('0f6e5b09-4275-13d7-92e2-20c7f63aabd7', 'NEXUSE - Danilo Di Nardo', 'Danilo Di Nardo', 'affinitas',
   NULL, 'attivo su affinitas', true,
   NULL, NULL,
   NULL, NULL, 28,
   true, true, NULL),
  ('7e0a6d78-27d7-1af7-d4a9-95c9920ae42d', 'NOETIKQ - Adil', 'Adil', NULL,
   NULL, 'non sappiamo niente dell''azienda', true,
   NULL, NULL,
   NULL, NULL, 2,
   true, true, NULL),
  ('31c71465-a88a-04e1-e71a-a8920526b506', 'NOPARLATANTO -', NULL, NULL,
   NULL, 'verrano qui a DXB non si capisce ancora', true,
   NULL, '2025-10-14',
   NULL, NULL, NULL,
   true, true, NULL),
  ('0fcd692b-dd85-30c5-bb53-125e130bab2c', 'NOVAMIND MARKETING - Thomas William', 'Thomas William', 'vat_consultant',
   ARRAY['wio']::text[], 'Wio Business', true,
   NULL, NULL,
   NULL, NULL, 26,
   true, true, NULL),
  ('72ab67d5-15de-baae-3120-7d01f2300ae0', 'NOVARISE CONSULTING FZCO - Sara', 'Sara', 'vat_consultant',
   ARRAY['wio', 'mamo', 'stripe']::text[], 'c/c Stripe, Mamo e Wio Business', true,
   '2025-04-15', NULL,
   NULL, NULL, NULL,
   true, true, NULL),
  ('ffffb626-a303-102c-2de2-8d7e654d3acb', 'NUMBERONE ENTERPRISE FZCO - Manuel Canale', 'Manuel Canale', 'vat_consultant',
   NULL, 'in sospeso finche viene a Dubai', true,
   '2025-04-03', NULL,
   NULL, NULL, 2,
   true, true, NULL),
  ('bc7684e4-b2f8-b21c-8464-c9066d1b10ae', 'OPTININCOME - Elena e Carlotta', 'Elena e Carlotta', 'vat_consultant',
   ARRAY['wio', 'stripe', 'hubpay']::text[], 'c/c wio business Hubpay stripe', true,
   NULL, NULL,
   NULL, NULL, NULL,
   true, true, NULL),
  ('139727af-d739-d207-b6fc-21e14129e656', 'ORSYBITE - Lorenzo Grilli', 'Lorenzo Grilli', 'noi',
   ARRAY['wio', 'paypal', 'stripe']::text[], 'Wio Business, Stripe, Paypal', true,
   NULL, NULL,
   NULL, NULL, NULL,
   true, true, NULL),
  ('c9dd23f6-51ba-27e9-588c-682c1a478383', 'PERGI CONSULTING', NULL, NULL,
   NULL, 'nn fara la contabilita con noi, $', true,
   '2025-04-11', NULL,
   NULL, NULL, NULL,
   true, true, NULL),
  ('c2123288-de91-4fdf-ffa8-f2dee1fe01d6', 'PETECH - YOURPET - Carmelo Santo', 'YOURPET - Carmelo Santo', NULL,
   ARRAY['wio']::text[], 'Wio Business - hold fino giugno', true,
   NULL, NULL,
   NULL, NULL, NULL,
   true, true, NULL),
  ('c33c05c8-bc48-1e18-549f-24285e782f07', 'POPOFF - Luigi e Sabrina', 'Luigi e Sabrina', 'vat_consultant',
   ARRAY['wio']::text[], 'Wio Business', true,
   NULL, NULL,
   NULL, NULL, 4,
   true, true, NULL),
  ('1f57986f-ade1-66c1-ecf9-9c8241f83675', 'PRESTIGE GROWTH - Ibrahim', 'Ibrahim', 'noi',
   NULL, 'controllare quante fatture fara?', true,
   NULL, '2025-09-03',
   NULL, NULL, NULL,
   true, true, NULL),
  ('05a90db8-8bd9-d9a9-0902-9130a567fde3', 'RANIAECOM GLOBAL - Rania Touati', 'Rania Touati', NULL,
   NULL, 'chiedere da quando ha aperto i conti', true,
   NULL, NULL,
   NULL, NULL, NULL,
   true, true, NULL),
  ('4bdddb5b-d119-eea8-475d-f3afa5968670', 'RINO ADS FZCO - Simone e Giuseppe', 'Simone e Giuseppe', 'vat_consultant',
   ARRAY['wio', 'credium']::text[], 'c/c wio business e credium', true,
   NULL, NULL,
   NULL, NULL, 8,
   true, true, NULL),
  ('0716a46a-91e1-0535-9c49-c623317ecf23', 'RSO FRANCHISING GLOBAL - Federico', 'Federico', 'vat_consultant',
   ARRAY['wio', 'stripe']::text[], 'wio business e stripe', true,
   NULL, '2025-11-14',
   NULL, NULL, 22,
   true, true, NULL),
  ('9f2c3f7d-0780-e5ba-39a7-76576275cdef', 'SBF MANAGEMENT - Simone Banfi', 'Simone Banfi', 'affinitas',
   NULL, 'Pellegrino', true,
   NULL, NULL,
   NULL, NULL, 21,
   true, true, NULL),
  ('bb95430a-c73d-dd26-6c1a-5bfb2e9606ac', 'SELECK HOOK - Antonio', 'Antonio', NULL,
   NULL, 'chiedere dall''apertura del conto', true,
   NULL, '2025-11-07',
   NULL, NULL, NULL,
   true, true, NULL),
  ('457ed72c-0603-b5bb-71e5-dbc4c63ffb98', 'SMEDIA MARKETING SERVICES - Francesco Surdo', 'Francesco Surdo', 'noi',
   ARRAY['wio']::text[], 'Wio Business', true,
   NULL, NULL,
   NULL, NULL, 30,
   true, true, NULL),
  ('5a19d2dd-9ccd-f60c-49ba-40c046417390', 'SMFX CONSULTING - Simone Moro', 'Simone Moro', 'vat_consultant',
   ARRAY['wio', 'whoop', 'stripe']::text[], 'c/c Wio business, Stripe e  Whoop', true,
   NULL, '2025-09-10',
   NULL, NULL, 21,
   true, true, NULL),
  ('82091ee3-b4db-cada-bca9-4d120416f8fa', 'SOLENE LAB - Silvana Izzo', 'Silvana Izzo', 'in_sospeso',
   NULL, 'in sospeso', true,
   NULL, NULL,
   NULL, NULL, NULL,
   true, true, NULL),
  ('ec260a6f-0b19-719a-29fb-1df87aba87ae', 'STARPAY - Marco Russo', 'Marco Russo', 'vat_consultant',
   NULL, NULL, true,
   NULL, NULL,
   NULL, NULL, 20,
   true, true, NULL),
  ('28456c6d-82ba-fa8a-1511-474afc4778ac', 'TBH INTERNATIONAL - Giulio Trimboli', 'Giulio Trimboli', 'vat_consultant',
   NULL, NULL, true,
   '2025-03-07', NULL,
   NULL, NULL, 19,
   true, true, NULL),
  ('60b17d58-239a-904f-022d-4c4814cb9ea3', 'TRADE ESTATE CONSULTING - Veronica', 'Veronica', 'noi',
   ARRAY['wio', 'currenxie', 'stripe']::text[], 'c/c wio business, currenxie e stripe, 
se lo damos a VAT? 140K fatt', true,
   NULL, NULL,
   NULL, NULL, 11,
   true, true, NULL),
  ('e38ef7a0-87e3-7aa1-4317-129be6672583', 'UP2BALANCE CONSULTING FZCO - Rosario e Simona', 'Rosario e Simona', 'vat_consultant',
   ARRAY['wio', 'mamo', 'paypal', 'stripe']::text[], 'c/c mamo stripe paypal wio business - chiedere a maorzo estratto conto di mamo di gennaio', true,
   NULL, NULL,
   NULL, NULL, 10,
   true, true, NULL),
  ('f49bd6c6-c27c-4034-d5e5-4d1af48432fa', 'VERTEX NEBULA GROUP  FZCO - Valerio Siclari e Luca', 'Valerio Siclari e Luca', 'affinitas',
   ARRAY['wio']::text[], 'Wio Business', true,
   '2025-03-14', NULL,
   NULL, NULL, 19,
   true, true, NULL),
  ('dd81798f-31e8-4143-6796-a4c2ce7f1361', 'VIRALESTATE AGENCY  - Agostino Silvestre', 'Agostino Silvestre', 'vat_consultant',
   ARRAY['wio']::text[], 'Wio Business', true,
   NULL, '2025-09-03',
   NULL, NULL, 30,
   true, true, NULL),
  ('14bcf9ad-4456-901d-0693-f48cf8d47f6a', 'VITALS GROUP - Daniele e Enrico', 'Daniele e Enrico', 'vat_consultant',
   NULL, 'prima era da Affinitas', true,
   NULL, NULL,
   NULL, NULL, 15,
   true, true, NULL),
  ('d8f8bd10-aa2b-4cd3-96b0-e6d1252c0f64', 'VITALYX LAB FZCO - Valerio Acri', 'Valerio Acri', 'noi',
   NULL, 'fare le invoices manually, NON ZOHO', true,
   NULL, '2025-08-27',
   NULL, NULL, 17,
   true, true, NULL),
  ('9afc6625-3c5e-9018-3350-f8718d23338d', 'XELOR DIGITAL - Massimo Mariani', 'Massimo Mariani', 'vat_consultant',
   ARRAY['wio']::text[], 'Wio Business', true,
   NULL, NULL,
   1200.0, '2024-10-18', NULL,
   true, true, 'Da saldare 18.11'),
  ('b32328b3-e33a-77ac-951d-7ec2630e052b', 'XMX CONSULTING - Stefano Mencucci', 'Stefano Mencucci', 'noi',
   ARRAY['wio']::text[], 'Wio Business - VAT REGISTERED da fare noi', true,
   NULL, NULL,
   NULL, NULL, NULL,
   true, true, NULL),
  ('28922c28-b626-9c92-6032-997dbf39586f', 'ZOF HUB CONSULTING - Sofia', 'Sofia', 'vat_consultant',
   ARRAY['wio', 'paypal', 'stripe', 'ziina']::text[], 'Wio, Paypal, Stripe & Ziina', true,
   NULL, NULL,
   NULL, NULL, 29,
   true, true, NULL);

-- ── BANK STATEMENTS 2026 ──────────────────────────────────────
insert into bank_statements (client_id, year, month, received)
values
  ('7724d02f-cf27-e8af-6878-4e484460dd17', 2026, 1, true),
  ('7724d02f-cf27-e8af-6878-4e484460dd17', 2026, 2, false),
  ('7724d02f-cf27-e8af-6878-4e484460dd17', 2026, 3, false),
  ('7724d02f-cf27-e8af-6878-4e484460dd17', 2026, 4, false),
  ('7724d02f-cf27-e8af-6878-4e484460dd17', 2026, 5, false),
  ('7724d02f-cf27-e8af-6878-4e484460dd17', 2026, 6, false),
  ('7724d02f-cf27-e8af-6878-4e484460dd17', 2026, 7, false),
  ('7724d02f-cf27-e8af-6878-4e484460dd17', 2026, 8, false),
  ('7724d02f-cf27-e8af-6878-4e484460dd17', 2026, 9, false),
  ('7724d02f-cf27-e8af-6878-4e484460dd17', 2026, 10, false),
  ('7724d02f-cf27-e8af-6878-4e484460dd17', 2026, 11, false),
  ('7724d02f-cf27-e8af-6878-4e484460dd17', 2026, 12, false),
  ('f0ccfdcf-8f05-62ac-8899-7091f7487fe1', 2026, 2, false),
  ('f0ccfdcf-8f05-62ac-8899-7091f7487fe1', 2026, 3, false),
  ('f0ccfdcf-8f05-62ac-8899-7091f7487fe1', 2026, 4, false),
  ('f0ccfdcf-8f05-62ac-8899-7091f7487fe1', 2026, 5, false),
  ('f0ccfdcf-8f05-62ac-8899-7091f7487fe1', 2026, 6, false),
  ('f0ccfdcf-8f05-62ac-8899-7091f7487fe1', 2026, 7, false),
  ('f0ccfdcf-8f05-62ac-8899-7091f7487fe1', 2026, 8, false),
  ('f0ccfdcf-8f05-62ac-8899-7091f7487fe1', 2026, 9, false),
  ('f0ccfdcf-8f05-62ac-8899-7091f7487fe1', 2026, 10, false),
  ('f0ccfdcf-8f05-62ac-8899-7091f7487fe1', 2026, 11, false),
  ('f0ccfdcf-8f05-62ac-8899-7091f7487fe1', 2026, 12, false),
  ('fc4195af-9fa5-6f04-dbde-9c9e5d45ed34', 2026, 1, true),
  ('fc4195af-9fa5-6f04-dbde-9c9e5d45ed34', 2026, 2, false),
  ('fc4195af-9fa5-6f04-dbde-9c9e5d45ed34', 2026, 3, false),
  ('fc4195af-9fa5-6f04-dbde-9c9e5d45ed34', 2026, 4, false),
  ('fc4195af-9fa5-6f04-dbde-9c9e5d45ed34', 2026, 5, false),
  ('fc4195af-9fa5-6f04-dbde-9c9e5d45ed34', 2026, 6, false),
  ('fc4195af-9fa5-6f04-dbde-9c9e5d45ed34', 2026, 7, false),
  ('fc4195af-9fa5-6f04-dbde-9c9e5d45ed34', 2026, 8, false),
  ('fc4195af-9fa5-6f04-dbde-9c9e5d45ed34', 2026, 9, false),
  ('fc4195af-9fa5-6f04-dbde-9c9e5d45ed34', 2026, 10, false),
  ('fc4195af-9fa5-6f04-dbde-9c9e5d45ed34', 2026, 11, false),
  ('fc4195af-9fa5-6f04-dbde-9c9e5d45ed34', 2026, 12, false),
  ('670a4449-9696-0594-037a-4d0b44d9f464', 2026, 1, true),
  ('670a4449-9696-0594-037a-4d0b44d9f464', 2026, 2, false),
  ('670a4449-9696-0594-037a-4d0b44d9f464', 2026, 3, false),
  ('670a4449-9696-0594-037a-4d0b44d9f464', 2026, 4, false),
  ('670a4449-9696-0594-037a-4d0b44d9f464', 2026, 5, false),
  ('670a4449-9696-0594-037a-4d0b44d9f464', 2026, 6, false),
  ('670a4449-9696-0594-037a-4d0b44d9f464', 2026, 7, false),
  ('670a4449-9696-0594-037a-4d0b44d9f464', 2026, 8, false),
  ('670a4449-9696-0594-037a-4d0b44d9f464', 2026, 9, false),
  ('670a4449-9696-0594-037a-4d0b44d9f464', 2026, 10, false),
  ('670a4449-9696-0594-037a-4d0b44d9f464', 2026, 11, false),
  ('670a4449-9696-0594-037a-4d0b44d9f464', 2026, 12, false),
  ('44323647-0e8c-e83c-c207-0c8967459a58', 2026, 1, true),
  ('44323647-0e8c-e83c-c207-0c8967459a58', 2026, 2, false),
  ('44323647-0e8c-e83c-c207-0c8967459a58', 2026, 3, false),
  ('44323647-0e8c-e83c-c207-0c8967459a58', 2026, 4, false),
  ('44323647-0e8c-e83c-c207-0c8967459a58', 2026, 5, false),
  ('44323647-0e8c-e83c-c207-0c8967459a58', 2026, 6, false),
  ('44323647-0e8c-e83c-c207-0c8967459a58', 2026, 7, false),
  ('44323647-0e8c-e83c-c207-0c8967459a58', 2026, 8, false),
  ('44323647-0e8c-e83c-c207-0c8967459a58', 2026, 9, false),
  ('44323647-0e8c-e83c-c207-0c8967459a58', 2026, 10, false),
  ('44323647-0e8c-e83c-c207-0c8967459a58', 2026, 11, false),
  ('44323647-0e8c-e83c-c207-0c8967459a58', 2026, 12, false),
  ('de32ee56-59b1-8e38-2667-f3741e7ccbd1', 2026, 1, true),
  ('de32ee56-59b1-8e38-2667-f3741e7ccbd1', 2026, 2, false),
  ('de32ee56-59b1-8e38-2667-f3741e7ccbd1', 2026, 3, false),
  ('de32ee56-59b1-8e38-2667-f3741e7ccbd1', 2026, 4, false),
  ('de32ee56-59b1-8e38-2667-f3741e7ccbd1', 2026, 5, false),
  ('de32ee56-59b1-8e38-2667-f3741e7ccbd1', 2026, 6, false),
  ('de32ee56-59b1-8e38-2667-f3741e7ccbd1', 2026, 7, false),
  ('de32ee56-59b1-8e38-2667-f3741e7ccbd1', 2026, 8, false),
  ('de32ee56-59b1-8e38-2667-f3741e7ccbd1', 2026, 9, false),
  ('de32ee56-59b1-8e38-2667-f3741e7ccbd1', 2026, 10, false),
  ('de32ee56-59b1-8e38-2667-f3741e7ccbd1', 2026, 11, false),
  ('de32ee56-59b1-8e38-2667-f3741e7ccbd1', 2026, 12, false),
  ('bbdaba9c-c4e7-14d7-8810-d6fc9c18bf5b', 2026, 2, false),
  ('bbdaba9c-c4e7-14d7-8810-d6fc9c18bf5b', 2026, 3, false),
  ('bbdaba9c-c4e7-14d7-8810-d6fc9c18bf5b', 2026, 4, false),
  ('bbdaba9c-c4e7-14d7-8810-d6fc9c18bf5b', 2026, 5, false),
  ('bbdaba9c-c4e7-14d7-8810-d6fc9c18bf5b', 2026, 6, false),
  ('bbdaba9c-c4e7-14d7-8810-d6fc9c18bf5b', 2026, 7, false),
  ('bbdaba9c-c4e7-14d7-8810-d6fc9c18bf5b', 2026, 8, false),
  ('bbdaba9c-c4e7-14d7-8810-d6fc9c18bf5b', 2026, 9, false),
  ('bbdaba9c-c4e7-14d7-8810-d6fc9c18bf5b', 2026, 10, false),
  ('bbdaba9c-c4e7-14d7-8810-d6fc9c18bf5b', 2026, 11, false),
  ('bbdaba9c-c4e7-14d7-8810-d6fc9c18bf5b', 2026, 12, false),
  ('3f116211-c3d5-ece3-654b-0b757eb2c282', 2026, 1, true),
  ('3f116211-c3d5-ece3-654b-0b757eb2c282', 2026, 2, false),
  ('3f116211-c3d5-ece3-654b-0b757eb2c282', 2026, 3, false),
  ('3f116211-c3d5-ece3-654b-0b757eb2c282', 2026, 4, false),
  ('3f116211-c3d5-ece3-654b-0b757eb2c282', 2026, 5, false),
  ('3f116211-c3d5-ece3-654b-0b757eb2c282', 2026, 6, false),
  ('3f116211-c3d5-ece3-654b-0b757eb2c282', 2026, 7, false),
  ('3f116211-c3d5-ece3-654b-0b757eb2c282', 2026, 8, false),
  ('3f116211-c3d5-ece3-654b-0b757eb2c282', 2026, 9, false),
  ('3f116211-c3d5-ece3-654b-0b757eb2c282', 2026, 10, false),
  ('3f116211-c3d5-ece3-654b-0b757eb2c282', 2026, 11, false),
  ('3f116211-c3d5-ece3-654b-0b757eb2c282', 2026, 12, false),
  ('b0671ffd-6ee8-f498-e624-d34d20923506', 2026, 2, false),
  ('b0671ffd-6ee8-f498-e624-d34d20923506', 2026, 3, false),
  ('b0671ffd-6ee8-f498-e624-d34d20923506', 2026, 4, false),
  ('b0671ffd-6ee8-f498-e624-d34d20923506', 2026, 5, false),
  ('b0671ffd-6ee8-f498-e624-d34d20923506', 2026, 6, false),
  ('b0671ffd-6ee8-f498-e624-d34d20923506', 2026, 7, false),
  ('b0671ffd-6ee8-f498-e624-d34d20923506', 2026, 8, false),
  ('b0671ffd-6ee8-f498-e624-d34d20923506', 2026, 9, false),
  ('b0671ffd-6ee8-f498-e624-d34d20923506', 2026, 10, false),
  ('b0671ffd-6ee8-f498-e624-d34d20923506', 2026, 11, false),
  ('b0671ffd-6ee8-f498-e624-d34d20923506', 2026, 12, false),
  ('fba61e9b-85c8-e2c0-5148-32f9ad8cd5a6', 2026, 2, false),
  ('fba61e9b-85c8-e2c0-5148-32f9ad8cd5a6', 2026, 3, false),
  ('fba61e9b-85c8-e2c0-5148-32f9ad8cd5a6', 2026, 4, false),
  ('fba61e9b-85c8-e2c0-5148-32f9ad8cd5a6', 2026, 5, false),
  ('fba61e9b-85c8-e2c0-5148-32f9ad8cd5a6', 2026, 6, false),
  ('fba61e9b-85c8-e2c0-5148-32f9ad8cd5a6', 2026, 7, false),
  ('fba61e9b-85c8-e2c0-5148-32f9ad8cd5a6', 2026, 8, false),
  ('fba61e9b-85c8-e2c0-5148-32f9ad8cd5a6', 2026, 9, false),
  ('fba61e9b-85c8-e2c0-5148-32f9ad8cd5a6', 2026, 10, false),
  ('fba61e9b-85c8-e2c0-5148-32f9ad8cd5a6', 2026, 11, false),
  ('fba61e9b-85c8-e2c0-5148-32f9ad8cd5a6', 2026, 12, false),
  ('197d9d0b-4382-816b-69f3-ca6d7a5b9ced', 2026, 1, true),
  ('197d9d0b-4382-816b-69f3-ca6d7a5b9ced', 2026, 2, false),
  ('197d9d0b-4382-816b-69f3-ca6d7a5b9ced', 2026, 3, false),
  ('197d9d0b-4382-816b-69f3-ca6d7a5b9ced', 2026, 4, false),
  ('197d9d0b-4382-816b-69f3-ca6d7a5b9ced', 2026, 5, false),
  ('197d9d0b-4382-816b-69f3-ca6d7a5b9ced', 2026, 6, false),
  ('197d9d0b-4382-816b-69f3-ca6d7a5b9ced', 2026, 7, false),
  ('197d9d0b-4382-816b-69f3-ca6d7a5b9ced', 2026, 8, false),
  ('197d9d0b-4382-816b-69f3-ca6d7a5b9ced', 2026, 9, false),
  ('197d9d0b-4382-816b-69f3-ca6d7a5b9ced', 2026, 10, false),
  ('197d9d0b-4382-816b-69f3-ca6d7a5b9ced', 2026, 11, false),
  ('197d9d0b-4382-816b-69f3-ca6d7a5b9ced', 2026, 12, false),
  ('4e48caa4-d42b-4e63-e808-a2c9597de036', 2026, 1, true),
  ('4e48caa4-d42b-4e63-e808-a2c9597de036', 2026, 2, false),
  ('4e48caa4-d42b-4e63-e808-a2c9597de036', 2026, 3, false),
  ('4e48caa4-d42b-4e63-e808-a2c9597de036', 2026, 4, false),
  ('4e48caa4-d42b-4e63-e808-a2c9597de036', 2026, 5, false),
  ('4e48caa4-d42b-4e63-e808-a2c9597de036', 2026, 6, false),
  ('4e48caa4-d42b-4e63-e808-a2c9597de036', 2026, 7, false),
  ('4e48caa4-d42b-4e63-e808-a2c9597de036', 2026, 8, false),
  ('4e48caa4-d42b-4e63-e808-a2c9597de036', 2026, 9, false),
  ('4e48caa4-d42b-4e63-e808-a2c9597de036', 2026, 10, false),
  ('4e48caa4-d42b-4e63-e808-a2c9597de036', 2026, 11, false),
  ('4e48caa4-d42b-4e63-e808-a2c9597de036', 2026, 12, false),
  ('ddf99052-cc19-7595-19bd-743e28277401', 2026, 2, false),
  ('ddf99052-cc19-7595-19bd-743e28277401', 2026, 3, false),
  ('ddf99052-cc19-7595-19bd-743e28277401', 2026, 4, false),
  ('ddf99052-cc19-7595-19bd-743e28277401', 2026, 5, false),
  ('ddf99052-cc19-7595-19bd-743e28277401', 2026, 6, false),
  ('ddf99052-cc19-7595-19bd-743e28277401', 2026, 7, false),
  ('ddf99052-cc19-7595-19bd-743e28277401', 2026, 8, false),
  ('ddf99052-cc19-7595-19bd-743e28277401', 2026, 9, false),
  ('ddf99052-cc19-7595-19bd-743e28277401', 2026, 10, false),
  ('ddf99052-cc19-7595-19bd-743e28277401', 2026, 11, false),
  ('ddf99052-cc19-7595-19bd-743e28277401', 2026, 12, false),
  ('5b71b136-2eab-38c3-3a31-272ac9afb758', 2026, 1, true),
  ('5b71b136-2eab-38c3-3a31-272ac9afb758', 2026, 2, false),
  ('5b71b136-2eab-38c3-3a31-272ac9afb758', 2026, 3, false),
  ('5b71b136-2eab-38c3-3a31-272ac9afb758', 2026, 4, false),
  ('5b71b136-2eab-38c3-3a31-272ac9afb758', 2026, 5, false),
  ('5b71b136-2eab-38c3-3a31-272ac9afb758', 2026, 6, false),
  ('5b71b136-2eab-38c3-3a31-272ac9afb758', 2026, 7, false),
  ('5b71b136-2eab-38c3-3a31-272ac9afb758', 2026, 8, false),
  ('5b71b136-2eab-38c3-3a31-272ac9afb758', 2026, 9, false),
  ('5b71b136-2eab-38c3-3a31-272ac9afb758', 2026, 10, false),
  ('5b71b136-2eab-38c3-3a31-272ac9afb758', 2026, 11, false),
  ('5b71b136-2eab-38c3-3a31-272ac9afb758', 2026, 12, false),
  ('2011102f-fc18-181e-8014-c06ca2fb33f8', 2026, 1, true),
  ('2011102f-fc18-181e-8014-c06ca2fb33f8', 2026, 2, false),
  ('2011102f-fc18-181e-8014-c06ca2fb33f8', 2026, 3, false),
  ('2011102f-fc18-181e-8014-c06ca2fb33f8', 2026, 4, false),
  ('2011102f-fc18-181e-8014-c06ca2fb33f8', 2026, 5, false),
  ('2011102f-fc18-181e-8014-c06ca2fb33f8', 2026, 6, false),
  ('2011102f-fc18-181e-8014-c06ca2fb33f8', 2026, 7, false),
  ('2011102f-fc18-181e-8014-c06ca2fb33f8', 2026, 8, false),
  ('2011102f-fc18-181e-8014-c06ca2fb33f8', 2026, 9, false),
  ('2011102f-fc18-181e-8014-c06ca2fb33f8', 2026, 10, false),
  ('2011102f-fc18-181e-8014-c06ca2fb33f8', 2026, 11, false),
  ('2011102f-fc18-181e-8014-c06ca2fb33f8', 2026, 12, false),
  ('cd792f08-57fa-932f-f14c-26965a607ee7', 2026, 1, true),
  ('cd792f08-57fa-932f-f14c-26965a607ee7', 2026, 2, false),
  ('cd792f08-57fa-932f-f14c-26965a607ee7', 2026, 3, false),
  ('cd792f08-57fa-932f-f14c-26965a607ee7', 2026, 4, false),
  ('cd792f08-57fa-932f-f14c-26965a607ee7', 2026, 5, false),
  ('cd792f08-57fa-932f-f14c-26965a607ee7', 2026, 6, false),
  ('cd792f08-57fa-932f-f14c-26965a607ee7', 2026, 7, false),
  ('cd792f08-57fa-932f-f14c-26965a607ee7', 2026, 8, false),
  ('cd792f08-57fa-932f-f14c-26965a607ee7', 2026, 9, false),
  ('cd792f08-57fa-932f-f14c-26965a607ee7', 2026, 10, false),
  ('cd792f08-57fa-932f-f14c-26965a607ee7', 2026, 11, false),
  ('cd792f08-57fa-932f-f14c-26965a607ee7', 2026, 12, false),
  ('2f87470d-f401-5f0c-ae26-8d1050e347d0', 2026, 1, true),
  ('2f87470d-f401-5f0c-ae26-8d1050e347d0', 2026, 2, false),
  ('2f87470d-f401-5f0c-ae26-8d1050e347d0', 2026, 3, false),
  ('2f87470d-f401-5f0c-ae26-8d1050e347d0', 2026, 4, false),
  ('2f87470d-f401-5f0c-ae26-8d1050e347d0', 2026, 5, false),
  ('2f87470d-f401-5f0c-ae26-8d1050e347d0', 2026, 6, false),
  ('2f87470d-f401-5f0c-ae26-8d1050e347d0', 2026, 7, false),
  ('2f87470d-f401-5f0c-ae26-8d1050e347d0', 2026, 8, false),
  ('2f87470d-f401-5f0c-ae26-8d1050e347d0', 2026, 9, false),
  ('2f87470d-f401-5f0c-ae26-8d1050e347d0', 2026, 10, false),
  ('2f87470d-f401-5f0c-ae26-8d1050e347d0', 2026, 11, false),
  ('2f87470d-f401-5f0c-ae26-8d1050e347d0', 2026, 12, false),
  ('a7e0dfe3-c14f-2d23-1ff8-51e6bd095398', 2026, 1, true),
  ('a7e0dfe3-c14f-2d23-1ff8-51e6bd095398', 2026, 2, false),
  ('a7e0dfe3-c14f-2d23-1ff8-51e6bd095398', 2026, 3, false),
  ('a7e0dfe3-c14f-2d23-1ff8-51e6bd095398', 2026, 4, false),
  ('a7e0dfe3-c14f-2d23-1ff8-51e6bd095398', 2026, 5, false),
  ('a7e0dfe3-c14f-2d23-1ff8-51e6bd095398', 2026, 6, false),
  ('a7e0dfe3-c14f-2d23-1ff8-51e6bd095398', 2026, 7, false),
  ('a7e0dfe3-c14f-2d23-1ff8-51e6bd095398', 2026, 8, false),
  ('a7e0dfe3-c14f-2d23-1ff8-51e6bd095398', 2026, 9, false),
  ('a7e0dfe3-c14f-2d23-1ff8-51e6bd095398', 2026, 10, false),
  ('a7e0dfe3-c14f-2d23-1ff8-51e6bd095398', 2026, 11, false),
  ('a7e0dfe3-c14f-2d23-1ff8-51e6bd095398', 2026, 12, false),
  ('b5b7e4d4-9a65-d99c-2eb0-ac7ab77a1ee9', 2026, 2, false),
  ('b5b7e4d4-9a65-d99c-2eb0-ac7ab77a1ee9', 2026, 3, false),
  ('b5b7e4d4-9a65-d99c-2eb0-ac7ab77a1ee9', 2026, 4, false),
  ('b5b7e4d4-9a65-d99c-2eb0-ac7ab77a1ee9', 2026, 5, false),
  ('b5b7e4d4-9a65-d99c-2eb0-ac7ab77a1ee9', 2026, 6, false),
  ('b5b7e4d4-9a65-d99c-2eb0-ac7ab77a1ee9', 2026, 7, false),
  ('b5b7e4d4-9a65-d99c-2eb0-ac7ab77a1ee9', 2026, 8, false),
  ('b5b7e4d4-9a65-d99c-2eb0-ac7ab77a1ee9', 2026, 9, false),
  ('b5b7e4d4-9a65-d99c-2eb0-ac7ab77a1ee9', 2026, 10, false),
  ('b5b7e4d4-9a65-d99c-2eb0-ac7ab77a1ee9', 2026, 11, false),
  ('b5b7e4d4-9a65-d99c-2eb0-ac7ab77a1ee9', 2026, 12, false),
  ('e8d9ddc6-7074-480d-d5ac-e39af8149803', 2026, 1, true),
  ('e8d9ddc6-7074-480d-d5ac-e39af8149803', 2026, 2, false),
  ('e8d9ddc6-7074-480d-d5ac-e39af8149803', 2026, 3, false),
  ('e8d9ddc6-7074-480d-d5ac-e39af8149803', 2026, 4, false),
  ('e8d9ddc6-7074-480d-d5ac-e39af8149803', 2026, 5, false),
  ('e8d9ddc6-7074-480d-d5ac-e39af8149803', 2026, 6, false),
  ('e8d9ddc6-7074-480d-d5ac-e39af8149803', 2026, 7, false),
  ('e8d9ddc6-7074-480d-d5ac-e39af8149803', 2026, 8, false),
  ('e8d9ddc6-7074-480d-d5ac-e39af8149803', 2026, 9, false),
  ('e8d9ddc6-7074-480d-d5ac-e39af8149803', 2026, 10, false),
  ('e8d9ddc6-7074-480d-d5ac-e39af8149803', 2026, 11, false),
  ('e8d9ddc6-7074-480d-d5ac-e39af8149803', 2026, 12, false),
  ('bea3631e-aec8-3865-7f5b-e78d1f2608c8', 2026, 2, false),
  ('bea3631e-aec8-3865-7f5b-e78d1f2608c8', 2026, 3, false),
  ('bea3631e-aec8-3865-7f5b-e78d1f2608c8', 2026, 4, false),
  ('bea3631e-aec8-3865-7f5b-e78d1f2608c8', 2026, 5, false),
  ('bea3631e-aec8-3865-7f5b-e78d1f2608c8', 2026, 6, false),
  ('bea3631e-aec8-3865-7f5b-e78d1f2608c8', 2026, 7, false),
  ('bea3631e-aec8-3865-7f5b-e78d1f2608c8', 2026, 8, false),
  ('bea3631e-aec8-3865-7f5b-e78d1f2608c8', 2026, 9, false),
  ('bea3631e-aec8-3865-7f5b-e78d1f2608c8', 2026, 10, false),
  ('bea3631e-aec8-3865-7f5b-e78d1f2608c8', 2026, 11, false),
  ('bea3631e-aec8-3865-7f5b-e78d1f2608c8', 2026, 12, false),
  ('aa832b0b-ba5d-d53c-7f91-e01b56ea392a', 2026, 1, true),
  ('aa832b0b-ba5d-d53c-7f91-e01b56ea392a', 2026, 2, false),
  ('aa832b0b-ba5d-d53c-7f91-e01b56ea392a', 2026, 3, false),
  ('aa832b0b-ba5d-d53c-7f91-e01b56ea392a', 2026, 4, false),
  ('aa832b0b-ba5d-d53c-7f91-e01b56ea392a', 2026, 5, false),
  ('aa832b0b-ba5d-d53c-7f91-e01b56ea392a', 2026, 6, false),
  ('aa832b0b-ba5d-d53c-7f91-e01b56ea392a', 2026, 7, false),
  ('aa832b0b-ba5d-d53c-7f91-e01b56ea392a', 2026, 8, false),
  ('aa832b0b-ba5d-d53c-7f91-e01b56ea392a', 2026, 9, false),
  ('aa832b0b-ba5d-d53c-7f91-e01b56ea392a', 2026, 10, false),
  ('aa832b0b-ba5d-d53c-7f91-e01b56ea392a', 2026, 11, false),
  ('aa832b0b-ba5d-d53c-7f91-e01b56ea392a', 2026, 12, false),
  ('6159fbb8-42df-06ee-6784-0fb174e719df', 2026, 1, true),
  ('6159fbb8-42df-06ee-6784-0fb174e719df', 2026, 2, false),
  ('6159fbb8-42df-06ee-6784-0fb174e719df', 2026, 3, false),
  ('6159fbb8-42df-06ee-6784-0fb174e719df', 2026, 4, false),
  ('6159fbb8-42df-06ee-6784-0fb174e719df', 2026, 5, false),
  ('6159fbb8-42df-06ee-6784-0fb174e719df', 2026, 6, false),
  ('6159fbb8-42df-06ee-6784-0fb174e719df', 2026, 7, false),
  ('6159fbb8-42df-06ee-6784-0fb174e719df', 2026, 8, false),
  ('6159fbb8-42df-06ee-6784-0fb174e719df', 2026, 9, false),
  ('6159fbb8-42df-06ee-6784-0fb174e719df', 2026, 10, false),
  ('6159fbb8-42df-06ee-6784-0fb174e719df', 2026, 11, false),
  ('6159fbb8-42df-06ee-6784-0fb174e719df', 2026, 12, false),
  ('95dcc705-0011-6269-ffc8-d80411a67b26', 2026, 1, true),
  ('95dcc705-0011-6269-ffc8-d80411a67b26', 2026, 2, false),
  ('95dcc705-0011-6269-ffc8-d80411a67b26', 2026, 3, false),
  ('95dcc705-0011-6269-ffc8-d80411a67b26', 2026, 4, false),
  ('95dcc705-0011-6269-ffc8-d80411a67b26', 2026, 5, false),
  ('95dcc705-0011-6269-ffc8-d80411a67b26', 2026, 6, false),
  ('95dcc705-0011-6269-ffc8-d80411a67b26', 2026, 7, false),
  ('95dcc705-0011-6269-ffc8-d80411a67b26', 2026, 8, false),
  ('95dcc705-0011-6269-ffc8-d80411a67b26', 2026, 9, false),
  ('95dcc705-0011-6269-ffc8-d80411a67b26', 2026, 10, false),
  ('95dcc705-0011-6269-ffc8-d80411a67b26', 2026, 11, false),
  ('95dcc705-0011-6269-ffc8-d80411a67b26', 2026, 12, false),
  ('380ce226-afe6-ba76-fbd8-9cdc0b675701', 2026, 1, true),
  ('380ce226-afe6-ba76-fbd8-9cdc0b675701', 2026, 2, false),
  ('380ce226-afe6-ba76-fbd8-9cdc0b675701', 2026, 3, false),
  ('380ce226-afe6-ba76-fbd8-9cdc0b675701', 2026, 4, false),
  ('380ce226-afe6-ba76-fbd8-9cdc0b675701', 2026, 5, false),
  ('380ce226-afe6-ba76-fbd8-9cdc0b675701', 2026, 6, false),
  ('380ce226-afe6-ba76-fbd8-9cdc0b675701', 2026, 7, false),
  ('380ce226-afe6-ba76-fbd8-9cdc0b675701', 2026, 8, false),
  ('380ce226-afe6-ba76-fbd8-9cdc0b675701', 2026, 9, false),
  ('380ce226-afe6-ba76-fbd8-9cdc0b675701', 2026, 10, false),
  ('380ce226-afe6-ba76-fbd8-9cdc0b675701', 2026, 11, false),
  ('380ce226-afe6-ba76-fbd8-9cdc0b675701', 2026, 12, false),
  ('d9f7b290-07d3-fb3c-3726-0a6e8f147b89', 2026, 1, true),
  ('d9f7b290-07d3-fb3c-3726-0a6e8f147b89', 2026, 2, false),
  ('d9f7b290-07d3-fb3c-3726-0a6e8f147b89', 2026, 3, false),
  ('d9f7b290-07d3-fb3c-3726-0a6e8f147b89', 2026, 4, false),
  ('d9f7b290-07d3-fb3c-3726-0a6e8f147b89', 2026, 5, false),
  ('d9f7b290-07d3-fb3c-3726-0a6e8f147b89', 2026, 6, false),
  ('d9f7b290-07d3-fb3c-3726-0a6e8f147b89', 2026, 7, false),
  ('d9f7b290-07d3-fb3c-3726-0a6e8f147b89', 2026, 8, false),
  ('d9f7b290-07d3-fb3c-3726-0a6e8f147b89', 2026, 9, false),
  ('d9f7b290-07d3-fb3c-3726-0a6e8f147b89', 2026, 10, false),
  ('d9f7b290-07d3-fb3c-3726-0a6e8f147b89', 2026, 11, false),
  ('d9f7b290-07d3-fb3c-3726-0a6e8f147b89', 2026, 12, false),
  ('a6c1d0d8-863c-f001-728b-2c0b81f0127d', 2026, 1, true),
  ('a6c1d0d8-863c-f001-728b-2c0b81f0127d', 2026, 2, false),
  ('a6c1d0d8-863c-f001-728b-2c0b81f0127d', 2026, 3, false),
  ('a6c1d0d8-863c-f001-728b-2c0b81f0127d', 2026, 4, false),
  ('a6c1d0d8-863c-f001-728b-2c0b81f0127d', 2026, 5, false),
  ('a6c1d0d8-863c-f001-728b-2c0b81f0127d', 2026, 6, false),
  ('a6c1d0d8-863c-f001-728b-2c0b81f0127d', 2026, 7, false),
  ('a6c1d0d8-863c-f001-728b-2c0b81f0127d', 2026, 8, false),
  ('a6c1d0d8-863c-f001-728b-2c0b81f0127d', 2026, 9, false),
  ('a6c1d0d8-863c-f001-728b-2c0b81f0127d', 2026, 10, false),
  ('a6c1d0d8-863c-f001-728b-2c0b81f0127d', 2026, 11, false),
  ('a6c1d0d8-863c-f001-728b-2c0b81f0127d', 2026, 12, false),
  ('d94ecee2-8ff2-a604-1e96-acdf38bb5b38', 2026, 2, false),
  ('d94ecee2-8ff2-a604-1e96-acdf38bb5b38', 2026, 3, false),
  ('d94ecee2-8ff2-a604-1e96-acdf38bb5b38', 2026, 4, false),
  ('d94ecee2-8ff2-a604-1e96-acdf38bb5b38', 2026, 5, false),
  ('d94ecee2-8ff2-a604-1e96-acdf38bb5b38', 2026, 6, false),
  ('d94ecee2-8ff2-a604-1e96-acdf38bb5b38', 2026, 7, false),
  ('d94ecee2-8ff2-a604-1e96-acdf38bb5b38', 2026, 8, false),
  ('d94ecee2-8ff2-a604-1e96-acdf38bb5b38', 2026, 9, false),
  ('d94ecee2-8ff2-a604-1e96-acdf38bb5b38', 2026, 10, false),
  ('d94ecee2-8ff2-a604-1e96-acdf38bb5b38', 2026, 11, false),
  ('d94ecee2-8ff2-a604-1e96-acdf38bb5b38', 2026, 12, false),
  ('6d593d0f-ad28-ff8f-6d00-6e36f6678c7b', 2026, 1, true),
  ('6d593d0f-ad28-ff8f-6d00-6e36f6678c7b', 2026, 2, false),
  ('6d593d0f-ad28-ff8f-6d00-6e36f6678c7b', 2026, 3, false),
  ('6d593d0f-ad28-ff8f-6d00-6e36f6678c7b', 2026, 4, false),
  ('6d593d0f-ad28-ff8f-6d00-6e36f6678c7b', 2026, 5, false),
  ('6d593d0f-ad28-ff8f-6d00-6e36f6678c7b', 2026, 6, false),
  ('6d593d0f-ad28-ff8f-6d00-6e36f6678c7b', 2026, 7, false),
  ('6d593d0f-ad28-ff8f-6d00-6e36f6678c7b', 2026, 8, false),
  ('6d593d0f-ad28-ff8f-6d00-6e36f6678c7b', 2026, 9, false),
  ('6d593d0f-ad28-ff8f-6d00-6e36f6678c7b', 2026, 10, false),
  ('6d593d0f-ad28-ff8f-6d00-6e36f6678c7b', 2026, 11, false),
  ('6d593d0f-ad28-ff8f-6d00-6e36f6678c7b', 2026, 12, false),
  ('92b1ec96-0bc8-2146-0119-1c755987fe99', 2026, 1, true),
  ('92b1ec96-0bc8-2146-0119-1c755987fe99', 2026, 2, false),
  ('92b1ec96-0bc8-2146-0119-1c755987fe99', 2026, 3, false),
  ('92b1ec96-0bc8-2146-0119-1c755987fe99', 2026, 4, false),
  ('92b1ec96-0bc8-2146-0119-1c755987fe99', 2026, 5, false),
  ('92b1ec96-0bc8-2146-0119-1c755987fe99', 2026, 6, false),
  ('92b1ec96-0bc8-2146-0119-1c755987fe99', 2026, 7, false),
  ('92b1ec96-0bc8-2146-0119-1c755987fe99', 2026, 8, false),
  ('92b1ec96-0bc8-2146-0119-1c755987fe99', 2026, 9, false),
  ('92b1ec96-0bc8-2146-0119-1c755987fe99', 2026, 10, false),
  ('92b1ec96-0bc8-2146-0119-1c755987fe99', 2026, 11, false),
  ('92b1ec96-0bc8-2146-0119-1c755987fe99', 2026, 12, false),
  ('7de07b9e-60cb-407d-03dc-24d8a63ae014', 2026, 2, false),
  ('7de07b9e-60cb-407d-03dc-24d8a63ae014', 2026, 3, false),
  ('7de07b9e-60cb-407d-03dc-24d8a63ae014', 2026, 4, false),
  ('7de07b9e-60cb-407d-03dc-24d8a63ae014', 2026, 5, false),
  ('7de07b9e-60cb-407d-03dc-24d8a63ae014', 2026, 6, false),
  ('7de07b9e-60cb-407d-03dc-24d8a63ae014', 2026, 7, false),
  ('7de07b9e-60cb-407d-03dc-24d8a63ae014', 2026, 8, false),
  ('7de07b9e-60cb-407d-03dc-24d8a63ae014', 2026, 9, false),
  ('7de07b9e-60cb-407d-03dc-24d8a63ae014', 2026, 10, false),
  ('7de07b9e-60cb-407d-03dc-24d8a63ae014', 2026, 11, false),
  ('7de07b9e-60cb-407d-03dc-24d8a63ae014', 2026, 12, false),
  ('d93187f1-8d2e-2584-6fbe-4aa1d636dcd9', 2026, 1, true),
  ('d93187f1-8d2e-2584-6fbe-4aa1d636dcd9', 2026, 2, false),
  ('d93187f1-8d2e-2584-6fbe-4aa1d636dcd9', 2026, 3, false),
  ('d93187f1-8d2e-2584-6fbe-4aa1d636dcd9', 2026, 4, false),
  ('d93187f1-8d2e-2584-6fbe-4aa1d636dcd9', 2026, 5, false),
  ('d93187f1-8d2e-2584-6fbe-4aa1d636dcd9', 2026, 6, false),
  ('d93187f1-8d2e-2584-6fbe-4aa1d636dcd9', 2026, 7, false),
  ('d93187f1-8d2e-2584-6fbe-4aa1d636dcd9', 2026, 8, false),
  ('d93187f1-8d2e-2584-6fbe-4aa1d636dcd9', 2026, 9, false),
  ('d93187f1-8d2e-2584-6fbe-4aa1d636dcd9', 2026, 10, false),
  ('d93187f1-8d2e-2584-6fbe-4aa1d636dcd9', 2026, 11, false),
  ('d93187f1-8d2e-2584-6fbe-4aa1d636dcd9', 2026, 12, false),
  ('f8b70254-e578-7c5d-5bba-8795ecd11971', 2026, 1, true),
  ('f8b70254-e578-7c5d-5bba-8795ecd11971', 2026, 2, false),
  ('f8b70254-e578-7c5d-5bba-8795ecd11971', 2026, 3, false),
  ('f8b70254-e578-7c5d-5bba-8795ecd11971', 2026, 4, false),
  ('f8b70254-e578-7c5d-5bba-8795ecd11971', 2026, 5, false),
  ('f8b70254-e578-7c5d-5bba-8795ecd11971', 2026, 6, false),
  ('f8b70254-e578-7c5d-5bba-8795ecd11971', 2026, 7, false),
  ('f8b70254-e578-7c5d-5bba-8795ecd11971', 2026, 8, false),
  ('f8b70254-e578-7c5d-5bba-8795ecd11971', 2026, 9, false),
  ('f8b70254-e578-7c5d-5bba-8795ecd11971', 2026, 10, false),
  ('f8b70254-e578-7c5d-5bba-8795ecd11971', 2026, 11, false),
  ('f8b70254-e578-7c5d-5bba-8795ecd11971', 2026, 12, false),
  ('a49312ca-b729-e183-e217-a8a03603615c', 2026, 1, false),
  ('a49312ca-b729-e183-e217-a8a03603615c', 2026, 2, false),
  ('a49312ca-b729-e183-e217-a8a03603615c', 2026, 3, false),
  ('a49312ca-b729-e183-e217-a8a03603615c', 2026, 4, false),
  ('a49312ca-b729-e183-e217-a8a03603615c', 2026, 5, false),
  ('a49312ca-b729-e183-e217-a8a03603615c', 2026, 6, false),
  ('a49312ca-b729-e183-e217-a8a03603615c', 2026, 7, false),
  ('a49312ca-b729-e183-e217-a8a03603615c', 2026, 8, false),
  ('a49312ca-b729-e183-e217-a8a03603615c', 2026, 9, false),
  ('a49312ca-b729-e183-e217-a8a03603615c', 2026, 10, false),
  ('a49312ca-b729-e183-e217-a8a03603615c', 2026, 11, false),
  ('a49312ca-b729-e183-e217-a8a03603615c', 2026, 12, false),
  ('72e8d369-a310-276b-ee74-b43a3c34e7a2', 2026, 1, true),
  ('72e8d369-a310-276b-ee74-b43a3c34e7a2', 2026, 2, false),
  ('72e8d369-a310-276b-ee74-b43a3c34e7a2', 2026, 3, false),
  ('72e8d369-a310-276b-ee74-b43a3c34e7a2', 2026, 4, false),
  ('72e8d369-a310-276b-ee74-b43a3c34e7a2', 2026, 5, false),
  ('72e8d369-a310-276b-ee74-b43a3c34e7a2', 2026, 6, false),
  ('72e8d369-a310-276b-ee74-b43a3c34e7a2', 2026, 7, false),
  ('72e8d369-a310-276b-ee74-b43a3c34e7a2', 2026, 8, false),
  ('72e8d369-a310-276b-ee74-b43a3c34e7a2', 2026, 9, false),
  ('72e8d369-a310-276b-ee74-b43a3c34e7a2', 2026, 10, false),
  ('72e8d369-a310-276b-ee74-b43a3c34e7a2', 2026, 11, false),
  ('72e8d369-a310-276b-ee74-b43a3c34e7a2', 2026, 12, false),
  ('bc757f51-a251-b788-bd9b-e38ea2c8c6ca', 2026, 1, true),
  ('bc757f51-a251-b788-bd9b-e38ea2c8c6ca', 2026, 2, false),
  ('bc757f51-a251-b788-bd9b-e38ea2c8c6ca', 2026, 3, false),
  ('bc757f51-a251-b788-bd9b-e38ea2c8c6ca', 2026, 4, false),
  ('bc757f51-a251-b788-bd9b-e38ea2c8c6ca', 2026, 5, false),
  ('bc757f51-a251-b788-bd9b-e38ea2c8c6ca', 2026, 6, false),
  ('bc757f51-a251-b788-bd9b-e38ea2c8c6ca', 2026, 7, false),
  ('bc757f51-a251-b788-bd9b-e38ea2c8c6ca', 2026, 8, false),
  ('bc757f51-a251-b788-bd9b-e38ea2c8c6ca', 2026, 9, false),
  ('bc757f51-a251-b788-bd9b-e38ea2c8c6ca', 2026, 10, false),
  ('bc757f51-a251-b788-bd9b-e38ea2c8c6ca', 2026, 11, false),
  ('bc757f51-a251-b788-bd9b-e38ea2c8c6ca', 2026, 12, false),
  ('1f717da7-4dc9-3f31-1ff9-93b03dfe1bdb', 2026, 2, false),
  ('1f717da7-4dc9-3f31-1ff9-93b03dfe1bdb', 2026, 3, false),
  ('1f717da7-4dc9-3f31-1ff9-93b03dfe1bdb', 2026, 4, false),
  ('1f717da7-4dc9-3f31-1ff9-93b03dfe1bdb', 2026, 5, false),
  ('1f717da7-4dc9-3f31-1ff9-93b03dfe1bdb', 2026, 6, false),
  ('1f717da7-4dc9-3f31-1ff9-93b03dfe1bdb', 2026, 7, false),
  ('1f717da7-4dc9-3f31-1ff9-93b03dfe1bdb', 2026, 8, false),
  ('1f717da7-4dc9-3f31-1ff9-93b03dfe1bdb', 2026, 9, false),
  ('1f717da7-4dc9-3f31-1ff9-93b03dfe1bdb', 2026, 10, false),
  ('1f717da7-4dc9-3f31-1ff9-93b03dfe1bdb', 2026, 11, false),
  ('1f717da7-4dc9-3f31-1ff9-93b03dfe1bdb', 2026, 12, false),
  ('ed530b3a-1950-0522-c897-e69350177b68', 2026, 1, true),
  ('ed530b3a-1950-0522-c897-e69350177b68', 2026, 2, false),
  ('ed530b3a-1950-0522-c897-e69350177b68', 2026, 3, false),
  ('ed530b3a-1950-0522-c897-e69350177b68', 2026, 4, false),
  ('ed530b3a-1950-0522-c897-e69350177b68', 2026, 5, false),
  ('ed530b3a-1950-0522-c897-e69350177b68', 2026, 6, false),
  ('ed530b3a-1950-0522-c897-e69350177b68', 2026, 7, false),
  ('ed530b3a-1950-0522-c897-e69350177b68', 2026, 8, false),
  ('ed530b3a-1950-0522-c897-e69350177b68', 2026, 9, false),
  ('ed530b3a-1950-0522-c897-e69350177b68', 2026, 10, false),
  ('ed530b3a-1950-0522-c897-e69350177b68', 2026, 11, false),
  ('ed530b3a-1950-0522-c897-e69350177b68', 2026, 12, false),
  ('b4bf5b8f-72fc-2f9d-ff65-a2c1fc97c5ce', 2026, 1, true),
  ('b4bf5b8f-72fc-2f9d-ff65-a2c1fc97c5ce', 2026, 2, false),
  ('b4bf5b8f-72fc-2f9d-ff65-a2c1fc97c5ce', 2026, 3, false),
  ('b4bf5b8f-72fc-2f9d-ff65-a2c1fc97c5ce', 2026, 4, false),
  ('b4bf5b8f-72fc-2f9d-ff65-a2c1fc97c5ce', 2026, 5, false),
  ('b4bf5b8f-72fc-2f9d-ff65-a2c1fc97c5ce', 2026, 6, false),
  ('b4bf5b8f-72fc-2f9d-ff65-a2c1fc97c5ce', 2026, 7, false),
  ('b4bf5b8f-72fc-2f9d-ff65-a2c1fc97c5ce', 2026, 8, false),
  ('b4bf5b8f-72fc-2f9d-ff65-a2c1fc97c5ce', 2026, 9, false),
  ('b4bf5b8f-72fc-2f9d-ff65-a2c1fc97c5ce', 2026, 10, false),
  ('b4bf5b8f-72fc-2f9d-ff65-a2c1fc97c5ce', 2026, 11, false),
  ('b4bf5b8f-72fc-2f9d-ff65-a2c1fc97c5ce', 2026, 12, false),
  ('d4b409c3-f197-a8c1-62d9-c28c95898b08', 2026, 1, true),
  ('d4b409c3-f197-a8c1-62d9-c28c95898b08', 2026, 2, false),
  ('d4b409c3-f197-a8c1-62d9-c28c95898b08', 2026, 3, false),
  ('d4b409c3-f197-a8c1-62d9-c28c95898b08', 2026, 4, false),
  ('d4b409c3-f197-a8c1-62d9-c28c95898b08', 2026, 5, false),
  ('d4b409c3-f197-a8c1-62d9-c28c95898b08', 2026, 6, false),
  ('d4b409c3-f197-a8c1-62d9-c28c95898b08', 2026, 7, false),
  ('d4b409c3-f197-a8c1-62d9-c28c95898b08', 2026, 8, false),
  ('d4b409c3-f197-a8c1-62d9-c28c95898b08', 2026, 9, false),
  ('d4b409c3-f197-a8c1-62d9-c28c95898b08', 2026, 10, false),
  ('d4b409c3-f197-a8c1-62d9-c28c95898b08', 2026, 11, false),
  ('d4b409c3-f197-a8c1-62d9-c28c95898b08', 2026, 12, false),
  ('6c72d256-daee-b1d0-5ee0-5d3795b2c420', 2026, 2, false),
  ('6c72d256-daee-b1d0-5ee0-5d3795b2c420', 2026, 3, false),
  ('6c72d256-daee-b1d0-5ee0-5d3795b2c420', 2026, 4, false),
  ('6c72d256-daee-b1d0-5ee0-5d3795b2c420', 2026, 5, false),
  ('6c72d256-daee-b1d0-5ee0-5d3795b2c420', 2026, 6, false),
  ('6c72d256-daee-b1d0-5ee0-5d3795b2c420', 2026, 7, false),
  ('6c72d256-daee-b1d0-5ee0-5d3795b2c420', 2026, 8, false),
  ('6c72d256-daee-b1d0-5ee0-5d3795b2c420', 2026, 9, false),
  ('6c72d256-daee-b1d0-5ee0-5d3795b2c420', 2026, 10, false),
  ('6c72d256-daee-b1d0-5ee0-5d3795b2c420', 2026, 11, false),
  ('6c72d256-daee-b1d0-5ee0-5d3795b2c420', 2026, 12, false),
  ('953f6352-7448-d43e-a163-bff61126fd9a', 2026, 1, true),
  ('953f6352-7448-d43e-a163-bff61126fd9a', 2026, 2, false),
  ('953f6352-7448-d43e-a163-bff61126fd9a', 2026, 3, false),
  ('953f6352-7448-d43e-a163-bff61126fd9a', 2026, 4, false),
  ('953f6352-7448-d43e-a163-bff61126fd9a', 2026, 5, false),
  ('953f6352-7448-d43e-a163-bff61126fd9a', 2026, 6, false),
  ('953f6352-7448-d43e-a163-bff61126fd9a', 2026, 7, false),
  ('953f6352-7448-d43e-a163-bff61126fd9a', 2026, 8, false),
  ('953f6352-7448-d43e-a163-bff61126fd9a', 2026, 9, false),
  ('953f6352-7448-d43e-a163-bff61126fd9a', 2026, 10, false),
  ('953f6352-7448-d43e-a163-bff61126fd9a', 2026, 11, false),
  ('953f6352-7448-d43e-a163-bff61126fd9a', 2026, 12, false),
  ('a90f8d62-e32c-e025-866c-e8d5a9742fe7', 2026, 1, false),
  ('a90f8d62-e32c-e025-866c-e8d5a9742fe7', 2026, 2, false),
  ('a90f8d62-e32c-e025-866c-e8d5a9742fe7', 2026, 3, false),
  ('a90f8d62-e32c-e025-866c-e8d5a9742fe7', 2026, 4, false),
  ('a90f8d62-e32c-e025-866c-e8d5a9742fe7', 2026, 5, false),
  ('a90f8d62-e32c-e025-866c-e8d5a9742fe7', 2026, 6, false),
  ('a90f8d62-e32c-e025-866c-e8d5a9742fe7', 2026, 7, false),
  ('a90f8d62-e32c-e025-866c-e8d5a9742fe7', 2026, 8, false),
  ('a90f8d62-e32c-e025-866c-e8d5a9742fe7', 2026, 9, false),
  ('a90f8d62-e32c-e025-866c-e8d5a9742fe7', 2026, 10, false),
  ('a90f8d62-e32c-e025-866c-e8d5a9742fe7', 2026, 11, false),
  ('a90f8d62-e32c-e025-866c-e8d5a9742fe7', 2026, 12, false),
  ('d76a751a-f435-372b-3312-06ca8c3e00ae', 2026, 2, false),
  ('d76a751a-f435-372b-3312-06ca8c3e00ae', 2026, 3, false),
  ('d76a751a-f435-372b-3312-06ca8c3e00ae', 2026, 4, false),
  ('d76a751a-f435-372b-3312-06ca8c3e00ae', 2026, 5, false),
  ('d76a751a-f435-372b-3312-06ca8c3e00ae', 2026, 6, false),
  ('d76a751a-f435-372b-3312-06ca8c3e00ae', 2026, 7, false),
  ('d76a751a-f435-372b-3312-06ca8c3e00ae', 2026, 8, false),
  ('d76a751a-f435-372b-3312-06ca8c3e00ae', 2026, 9, false),
  ('d76a751a-f435-372b-3312-06ca8c3e00ae', 2026, 10, false),
  ('d76a751a-f435-372b-3312-06ca8c3e00ae', 2026, 11, false),
  ('d76a751a-f435-372b-3312-06ca8c3e00ae', 2026, 12, false),
  ('d49ae69b-f9d4-8267-2c5d-2ca0b5e5958d', 2026, 1, true),
  ('d49ae69b-f9d4-8267-2c5d-2ca0b5e5958d', 2026, 2, false),
  ('d49ae69b-f9d4-8267-2c5d-2ca0b5e5958d', 2026, 3, false),
  ('d49ae69b-f9d4-8267-2c5d-2ca0b5e5958d', 2026, 4, false),
  ('d49ae69b-f9d4-8267-2c5d-2ca0b5e5958d', 2026, 5, false),
  ('d49ae69b-f9d4-8267-2c5d-2ca0b5e5958d', 2026, 6, false),
  ('d49ae69b-f9d4-8267-2c5d-2ca0b5e5958d', 2026, 7, false),
  ('d49ae69b-f9d4-8267-2c5d-2ca0b5e5958d', 2026, 8, false),
  ('d49ae69b-f9d4-8267-2c5d-2ca0b5e5958d', 2026, 9, false),
  ('d49ae69b-f9d4-8267-2c5d-2ca0b5e5958d', 2026, 10, false),
  ('d49ae69b-f9d4-8267-2c5d-2ca0b5e5958d', 2026, 11, false),
  ('d49ae69b-f9d4-8267-2c5d-2ca0b5e5958d', 2026, 12, false),
  ('b6642a68-21b7-5d3b-94d1-0605f87a027e', 2026, 2, false),
  ('b6642a68-21b7-5d3b-94d1-0605f87a027e', 2026, 3, false),
  ('b6642a68-21b7-5d3b-94d1-0605f87a027e', 2026, 4, false),
  ('b6642a68-21b7-5d3b-94d1-0605f87a027e', 2026, 5, false),
  ('b6642a68-21b7-5d3b-94d1-0605f87a027e', 2026, 6, false),
  ('b6642a68-21b7-5d3b-94d1-0605f87a027e', 2026, 7, false),
  ('b6642a68-21b7-5d3b-94d1-0605f87a027e', 2026, 8, false),
  ('b6642a68-21b7-5d3b-94d1-0605f87a027e', 2026, 9, false),
  ('b6642a68-21b7-5d3b-94d1-0605f87a027e', 2026, 10, false),
  ('b6642a68-21b7-5d3b-94d1-0605f87a027e', 2026, 11, false),
  ('b6642a68-21b7-5d3b-94d1-0605f87a027e', 2026, 12, false),
  ('8795ecd2-93af-0d76-855b-0569753bd008', 2026, 1, true),
  ('8795ecd2-93af-0d76-855b-0569753bd008', 2026, 2, false),
  ('8795ecd2-93af-0d76-855b-0569753bd008', 2026, 3, false),
  ('8795ecd2-93af-0d76-855b-0569753bd008', 2026, 4, false),
  ('8795ecd2-93af-0d76-855b-0569753bd008', 2026, 5, false),
  ('8795ecd2-93af-0d76-855b-0569753bd008', 2026, 6, false),
  ('8795ecd2-93af-0d76-855b-0569753bd008', 2026, 7, false),
  ('8795ecd2-93af-0d76-855b-0569753bd008', 2026, 8, false),
  ('8795ecd2-93af-0d76-855b-0569753bd008', 2026, 9, false),
  ('8795ecd2-93af-0d76-855b-0569753bd008', 2026, 10, false),
  ('8795ecd2-93af-0d76-855b-0569753bd008', 2026, 11, false),
  ('8795ecd2-93af-0d76-855b-0569753bd008', 2026, 12, false),
  ('bb652011-53cd-2fbb-f70a-a7f60c160d83', 2026, 1, true),
  ('bb652011-53cd-2fbb-f70a-a7f60c160d83', 2026, 2, false),
  ('bb652011-53cd-2fbb-f70a-a7f60c160d83', 2026, 3, false),
  ('bb652011-53cd-2fbb-f70a-a7f60c160d83', 2026, 4, false),
  ('bb652011-53cd-2fbb-f70a-a7f60c160d83', 2026, 5, false),
  ('bb652011-53cd-2fbb-f70a-a7f60c160d83', 2026, 6, false),
  ('bb652011-53cd-2fbb-f70a-a7f60c160d83', 2026, 7, false),
  ('bb652011-53cd-2fbb-f70a-a7f60c160d83', 2026, 8, false),
  ('bb652011-53cd-2fbb-f70a-a7f60c160d83', 2026, 9, false),
  ('bb652011-53cd-2fbb-f70a-a7f60c160d83', 2026, 10, false),
  ('bb652011-53cd-2fbb-f70a-a7f60c160d83', 2026, 11, false),
  ('bb652011-53cd-2fbb-f70a-a7f60c160d83', 2026, 12, false),
  ('2bbf4f00-ca2a-deb0-87bb-d12ab56283c0', 2026, 1, false),
  ('2bbf4f00-ca2a-deb0-87bb-d12ab56283c0', 2026, 2, false),
  ('2bbf4f00-ca2a-deb0-87bb-d12ab56283c0', 2026, 3, false),
  ('2bbf4f00-ca2a-deb0-87bb-d12ab56283c0', 2026, 4, false),
  ('2bbf4f00-ca2a-deb0-87bb-d12ab56283c0', 2026, 5, false),
  ('2bbf4f00-ca2a-deb0-87bb-d12ab56283c0', 2026, 6, false),
  ('2bbf4f00-ca2a-deb0-87bb-d12ab56283c0', 2026, 7, false),
  ('2bbf4f00-ca2a-deb0-87bb-d12ab56283c0', 2026, 8, false),
  ('2bbf4f00-ca2a-deb0-87bb-d12ab56283c0', 2026, 9, false),
  ('2bbf4f00-ca2a-deb0-87bb-d12ab56283c0', 2026, 10, false),
  ('2bbf4f00-ca2a-deb0-87bb-d12ab56283c0', 2026, 11, false),
  ('2bbf4f00-ca2a-deb0-87bb-d12ab56283c0', 2026, 12, false),
  ('2d090dc9-23c9-e17c-4cd0-eb41285bf4b6', 2026, 1, true),
  ('2d090dc9-23c9-e17c-4cd0-eb41285bf4b6', 2026, 2, false),
  ('2d090dc9-23c9-e17c-4cd0-eb41285bf4b6', 2026, 3, false),
  ('2d090dc9-23c9-e17c-4cd0-eb41285bf4b6', 2026, 4, false),
  ('2d090dc9-23c9-e17c-4cd0-eb41285bf4b6', 2026, 5, false),
  ('2d090dc9-23c9-e17c-4cd0-eb41285bf4b6', 2026, 6, false),
  ('2d090dc9-23c9-e17c-4cd0-eb41285bf4b6', 2026, 7, false),
  ('2d090dc9-23c9-e17c-4cd0-eb41285bf4b6', 2026, 8, false),
  ('2d090dc9-23c9-e17c-4cd0-eb41285bf4b6', 2026, 9, false),
  ('2d090dc9-23c9-e17c-4cd0-eb41285bf4b6', 2026, 10, false),
  ('2d090dc9-23c9-e17c-4cd0-eb41285bf4b6', 2026, 11, false),
  ('2d090dc9-23c9-e17c-4cd0-eb41285bf4b6', 2026, 12, false),
  ('b977b685-d80b-6ac6-5bd9-470e8485e555', 2026, 1, true),
  ('b977b685-d80b-6ac6-5bd9-470e8485e555', 2026, 2, false),
  ('b977b685-d80b-6ac6-5bd9-470e8485e555', 2026, 3, false),
  ('b977b685-d80b-6ac6-5bd9-470e8485e555', 2026, 4, false),
  ('b977b685-d80b-6ac6-5bd9-470e8485e555', 2026, 5, false),
  ('b977b685-d80b-6ac6-5bd9-470e8485e555', 2026, 6, false),
  ('b977b685-d80b-6ac6-5bd9-470e8485e555', 2026, 7, false),
  ('b977b685-d80b-6ac6-5bd9-470e8485e555', 2026, 8, false),
  ('b977b685-d80b-6ac6-5bd9-470e8485e555', 2026, 9, false),
  ('b977b685-d80b-6ac6-5bd9-470e8485e555', 2026, 10, false),
  ('b977b685-d80b-6ac6-5bd9-470e8485e555', 2026, 11, false),
  ('b977b685-d80b-6ac6-5bd9-470e8485e555', 2026, 12, false),
  ('d858744d-eb0e-928f-d4db-b16bcce0fb16', 2026, 1, false),
  ('d858744d-eb0e-928f-d4db-b16bcce0fb16', 2026, 2, false),
  ('d858744d-eb0e-928f-d4db-b16bcce0fb16', 2026, 3, false),
  ('d858744d-eb0e-928f-d4db-b16bcce0fb16', 2026, 4, false),
  ('d858744d-eb0e-928f-d4db-b16bcce0fb16', 2026, 5, false),
  ('d858744d-eb0e-928f-d4db-b16bcce0fb16', 2026, 6, false),
  ('d858744d-eb0e-928f-d4db-b16bcce0fb16', 2026, 7, false),
  ('d858744d-eb0e-928f-d4db-b16bcce0fb16', 2026, 8, false),
  ('d858744d-eb0e-928f-d4db-b16bcce0fb16', 2026, 9, false),
  ('d858744d-eb0e-928f-d4db-b16bcce0fb16', 2026, 10, false),
  ('d858744d-eb0e-928f-d4db-b16bcce0fb16', 2026, 11, false),
  ('d858744d-eb0e-928f-d4db-b16bcce0fb16', 2026, 12, false),
  ('4f49f2cc-fc31-cebf-1190-f7e1ba2ffb49', 2026, 2, false),
  ('4f49f2cc-fc31-cebf-1190-f7e1ba2ffb49', 2026, 3, false),
  ('4f49f2cc-fc31-cebf-1190-f7e1ba2ffb49', 2026, 4, false),
  ('4f49f2cc-fc31-cebf-1190-f7e1ba2ffb49', 2026, 5, false),
  ('4f49f2cc-fc31-cebf-1190-f7e1ba2ffb49', 2026, 6, false),
  ('4f49f2cc-fc31-cebf-1190-f7e1ba2ffb49', 2026, 7, false),
  ('4f49f2cc-fc31-cebf-1190-f7e1ba2ffb49', 2026, 8, false),
  ('4f49f2cc-fc31-cebf-1190-f7e1ba2ffb49', 2026, 9, false),
  ('4f49f2cc-fc31-cebf-1190-f7e1ba2ffb49', 2026, 10, false),
  ('4f49f2cc-fc31-cebf-1190-f7e1ba2ffb49', 2026, 11, false),
  ('4f49f2cc-fc31-cebf-1190-f7e1ba2ffb49', 2026, 12, false),
  ('18f49da7-008c-0623-ca1f-0b6197e9a171', 2026, 1, true),
  ('18f49da7-008c-0623-ca1f-0b6197e9a171', 2026, 2, false),
  ('18f49da7-008c-0623-ca1f-0b6197e9a171', 2026, 3, false),
  ('18f49da7-008c-0623-ca1f-0b6197e9a171', 2026, 4, false),
  ('18f49da7-008c-0623-ca1f-0b6197e9a171', 2026, 5, false),
  ('18f49da7-008c-0623-ca1f-0b6197e9a171', 2026, 6, false),
  ('18f49da7-008c-0623-ca1f-0b6197e9a171', 2026, 7, false),
  ('18f49da7-008c-0623-ca1f-0b6197e9a171', 2026, 8, false),
  ('18f49da7-008c-0623-ca1f-0b6197e9a171', 2026, 9, false),
  ('18f49da7-008c-0623-ca1f-0b6197e9a171', 2026, 10, false),
  ('18f49da7-008c-0623-ca1f-0b6197e9a171', 2026, 11, false),
  ('18f49da7-008c-0623-ca1f-0b6197e9a171', 2026, 12, false),
  ('a1fdba57-7cb6-5998-c712-a8548eb61229', 2026, 1, true),
  ('a1fdba57-7cb6-5998-c712-a8548eb61229', 2026, 2, false),
  ('a1fdba57-7cb6-5998-c712-a8548eb61229', 2026, 3, false),
  ('a1fdba57-7cb6-5998-c712-a8548eb61229', 2026, 4, false),
  ('a1fdba57-7cb6-5998-c712-a8548eb61229', 2026, 5, false),
  ('a1fdba57-7cb6-5998-c712-a8548eb61229', 2026, 6, false),
  ('a1fdba57-7cb6-5998-c712-a8548eb61229', 2026, 7, false),
  ('a1fdba57-7cb6-5998-c712-a8548eb61229', 2026, 8, false),
  ('a1fdba57-7cb6-5998-c712-a8548eb61229', 2026, 9, false),
  ('a1fdba57-7cb6-5998-c712-a8548eb61229', 2026, 10, false),
  ('a1fdba57-7cb6-5998-c712-a8548eb61229', 2026, 11, false),
  ('a1fdba57-7cb6-5998-c712-a8548eb61229', 2026, 12, false),
  ('a444bb06-cd06-f471-c8bd-e541868d1c01', 2026, 1, false),
  ('a444bb06-cd06-f471-c8bd-e541868d1c01', 2026, 2, false),
  ('a444bb06-cd06-f471-c8bd-e541868d1c01', 2026, 3, false),
  ('a444bb06-cd06-f471-c8bd-e541868d1c01', 2026, 4, false),
  ('a444bb06-cd06-f471-c8bd-e541868d1c01', 2026, 5, false),
  ('a444bb06-cd06-f471-c8bd-e541868d1c01', 2026, 6, false),
  ('a444bb06-cd06-f471-c8bd-e541868d1c01', 2026, 7, false),
  ('a444bb06-cd06-f471-c8bd-e541868d1c01', 2026, 8, false),
  ('a444bb06-cd06-f471-c8bd-e541868d1c01', 2026, 9, false),
  ('a444bb06-cd06-f471-c8bd-e541868d1c01', 2026, 10, false),
  ('a444bb06-cd06-f471-c8bd-e541868d1c01', 2026, 11, false),
  ('a444bb06-cd06-f471-c8bd-e541868d1c01', 2026, 12, false),
  ('762bf2e2-1c3b-0737-8d43-213179c80700', 2026, 1, true),
  ('762bf2e2-1c3b-0737-8d43-213179c80700', 2026, 2, false),
  ('762bf2e2-1c3b-0737-8d43-213179c80700', 2026, 3, false),
  ('762bf2e2-1c3b-0737-8d43-213179c80700', 2026, 4, false),
  ('762bf2e2-1c3b-0737-8d43-213179c80700', 2026, 5, false),
  ('762bf2e2-1c3b-0737-8d43-213179c80700', 2026, 6, false),
  ('762bf2e2-1c3b-0737-8d43-213179c80700', 2026, 7, false),
  ('762bf2e2-1c3b-0737-8d43-213179c80700', 2026, 8, false),
  ('762bf2e2-1c3b-0737-8d43-213179c80700', 2026, 9, false),
  ('762bf2e2-1c3b-0737-8d43-213179c80700', 2026, 10, false),
  ('762bf2e2-1c3b-0737-8d43-213179c80700', 2026, 11, false),
  ('762bf2e2-1c3b-0737-8d43-213179c80700', 2026, 12, false),
  ('3de4901a-1ba6-75ce-fad3-5ae673124ccd', 2026, 1, true),
  ('3de4901a-1ba6-75ce-fad3-5ae673124ccd', 2026, 2, false),
  ('3de4901a-1ba6-75ce-fad3-5ae673124ccd', 2026, 3, false),
  ('3de4901a-1ba6-75ce-fad3-5ae673124ccd', 2026, 4, false),
  ('3de4901a-1ba6-75ce-fad3-5ae673124ccd', 2026, 5, false),
  ('3de4901a-1ba6-75ce-fad3-5ae673124ccd', 2026, 6, false),
  ('3de4901a-1ba6-75ce-fad3-5ae673124ccd', 2026, 7, false),
  ('3de4901a-1ba6-75ce-fad3-5ae673124ccd', 2026, 8, false),
  ('3de4901a-1ba6-75ce-fad3-5ae673124ccd', 2026, 9, false),
  ('3de4901a-1ba6-75ce-fad3-5ae673124ccd', 2026, 10, false),
  ('3de4901a-1ba6-75ce-fad3-5ae673124ccd', 2026, 11, false),
  ('3de4901a-1ba6-75ce-fad3-5ae673124ccd', 2026, 12, false),
  ('cc0c7355-4346-762f-6a9b-94721d908c31', 2026, 1, true),
  ('cc0c7355-4346-762f-6a9b-94721d908c31', 2026, 2, false),
  ('cc0c7355-4346-762f-6a9b-94721d908c31', 2026, 3, false),
  ('cc0c7355-4346-762f-6a9b-94721d908c31', 2026, 4, false),
  ('cc0c7355-4346-762f-6a9b-94721d908c31', 2026, 5, false),
  ('cc0c7355-4346-762f-6a9b-94721d908c31', 2026, 6, false),
  ('cc0c7355-4346-762f-6a9b-94721d908c31', 2026, 7, false),
  ('cc0c7355-4346-762f-6a9b-94721d908c31', 2026, 8, false),
  ('cc0c7355-4346-762f-6a9b-94721d908c31', 2026, 9, false),
  ('cc0c7355-4346-762f-6a9b-94721d908c31', 2026, 10, false),
  ('cc0c7355-4346-762f-6a9b-94721d908c31', 2026, 11, false),
  ('cc0c7355-4346-762f-6a9b-94721d908c31', 2026, 12, false),
  ('550afa64-fd61-8949-804e-ced7c0e9cdb9', 2026, 1, true),
  ('550afa64-fd61-8949-804e-ced7c0e9cdb9', 2026, 2, false),
  ('550afa64-fd61-8949-804e-ced7c0e9cdb9', 2026, 3, false),
  ('550afa64-fd61-8949-804e-ced7c0e9cdb9', 2026, 4, false),
  ('550afa64-fd61-8949-804e-ced7c0e9cdb9', 2026, 5, false),
  ('550afa64-fd61-8949-804e-ced7c0e9cdb9', 2026, 6, false),
  ('550afa64-fd61-8949-804e-ced7c0e9cdb9', 2026, 7, false),
  ('550afa64-fd61-8949-804e-ced7c0e9cdb9', 2026, 8, false),
  ('550afa64-fd61-8949-804e-ced7c0e9cdb9', 2026, 9, false),
  ('550afa64-fd61-8949-804e-ced7c0e9cdb9', 2026, 12, false),
  ('11fa5a95-92a3-047d-6a08-ea2c868db2ed', 2026, 1, false),
  ('11fa5a95-92a3-047d-6a08-ea2c868db2ed', 2026, 2, false),
  ('11fa5a95-92a3-047d-6a08-ea2c868db2ed', 2026, 3, false),
  ('11fa5a95-92a3-047d-6a08-ea2c868db2ed', 2026, 4, false),
  ('11fa5a95-92a3-047d-6a08-ea2c868db2ed', 2026, 5, false),
  ('11fa5a95-92a3-047d-6a08-ea2c868db2ed', 2026, 6, false),
  ('11fa5a95-92a3-047d-6a08-ea2c868db2ed', 2026, 7, false),
  ('11fa5a95-92a3-047d-6a08-ea2c868db2ed', 2026, 8, false),
  ('11fa5a95-92a3-047d-6a08-ea2c868db2ed', 2026, 9, false),
  ('11fa5a95-92a3-047d-6a08-ea2c868db2ed', 2026, 10, false),
  ('11fa5a95-92a3-047d-6a08-ea2c868db2ed', 2026, 11, false),
  ('11fa5a95-92a3-047d-6a08-ea2c868db2ed', 2026, 12, false),
  ('99285a3b-608a-fd8a-f88e-bf31c6bcc6e8', 2026, 2, false),
  ('99285a3b-608a-fd8a-f88e-bf31c6bcc6e8', 2026, 3, false),
  ('99285a3b-608a-fd8a-f88e-bf31c6bcc6e8', 2026, 4, false),
  ('99285a3b-608a-fd8a-f88e-bf31c6bcc6e8', 2026, 5, false),
  ('99285a3b-608a-fd8a-f88e-bf31c6bcc6e8', 2026, 6, false),
  ('99285a3b-608a-fd8a-f88e-bf31c6bcc6e8', 2026, 7, false),
  ('99285a3b-608a-fd8a-f88e-bf31c6bcc6e8', 2026, 8, false),
  ('99285a3b-608a-fd8a-f88e-bf31c6bcc6e8', 2026, 9, false),
  ('99285a3b-608a-fd8a-f88e-bf31c6bcc6e8', 2026, 10, false),
  ('99285a3b-608a-fd8a-f88e-bf31c6bcc6e8', 2026, 11, false),
  ('99285a3b-608a-fd8a-f88e-bf31c6bcc6e8', 2026, 12, false),
  ('5f3a66d4-b11f-3c65-4ac6-be5ecfa23858', 2026, 1, true),
  ('5f3a66d4-b11f-3c65-4ac6-be5ecfa23858', 2026, 2, false),
  ('5f3a66d4-b11f-3c65-4ac6-be5ecfa23858', 2026, 3, false),
  ('5f3a66d4-b11f-3c65-4ac6-be5ecfa23858', 2026, 4, false),
  ('5f3a66d4-b11f-3c65-4ac6-be5ecfa23858', 2026, 5, false),
  ('5f3a66d4-b11f-3c65-4ac6-be5ecfa23858', 2026, 6, false),
  ('5f3a66d4-b11f-3c65-4ac6-be5ecfa23858', 2026, 7, false),
  ('5f3a66d4-b11f-3c65-4ac6-be5ecfa23858', 2026, 8, false),
  ('5f3a66d4-b11f-3c65-4ac6-be5ecfa23858', 2026, 9, false),
  ('5f3a66d4-b11f-3c65-4ac6-be5ecfa23858', 2026, 10, false),
  ('5f3a66d4-b11f-3c65-4ac6-be5ecfa23858', 2026, 11, false),
  ('5f3a66d4-b11f-3c65-4ac6-be5ecfa23858', 2026, 12, false),
  ('0c35007e-a06e-8184-ed58-cc66a303f302', 2026, 1, false),
  ('0c35007e-a06e-8184-ed58-cc66a303f302', 2026, 2, false),
  ('0c35007e-a06e-8184-ed58-cc66a303f302', 2026, 3, false),
  ('0c35007e-a06e-8184-ed58-cc66a303f302', 2026, 4, false),
  ('0c35007e-a06e-8184-ed58-cc66a303f302', 2026, 5, false),
  ('0c35007e-a06e-8184-ed58-cc66a303f302', 2026, 6, false),
  ('0c35007e-a06e-8184-ed58-cc66a303f302', 2026, 7, false),
  ('0c35007e-a06e-8184-ed58-cc66a303f302', 2026, 8, false),
  ('0c35007e-a06e-8184-ed58-cc66a303f302', 2026, 9, false),
  ('0c35007e-a06e-8184-ed58-cc66a303f302', 2026, 10, false),
  ('0c35007e-a06e-8184-ed58-cc66a303f302', 2026, 11, false),
  ('0c35007e-a06e-8184-ed58-cc66a303f302', 2026, 12, false),
  ('84c8f9e7-6483-d20b-312a-5208d351fb9f', 2026, 1, true),
  ('84c8f9e7-6483-d20b-312a-5208d351fb9f', 2026, 2, false),
  ('84c8f9e7-6483-d20b-312a-5208d351fb9f', 2026, 3, false),
  ('84c8f9e7-6483-d20b-312a-5208d351fb9f', 2026, 4, false),
  ('84c8f9e7-6483-d20b-312a-5208d351fb9f', 2026, 5, false),
  ('84c8f9e7-6483-d20b-312a-5208d351fb9f', 2026, 6, false),
  ('84c8f9e7-6483-d20b-312a-5208d351fb9f', 2026, 7, false),
  ('84c8f9e7-6483-d20b-312a-5208d351fb9f', 2026, 8, false),
  ('84c8f9e7-6483-d20b-312a-5208d351fb9f', 2026, 9, false),
  ('84c8f9e7-6483-d20b-312a-5208d351fb9f', 2026, 10, false),
  ('84c8f9e7-6483-d20b-312a-5208d351fb9f', 2026, 11, false),
  ('84c8f9e7-6483-d20b-312a-5208d351fb9f', 2026, 12, false),
  ('0f6e5b09-4275-13d7-92e2-20c7f63aabd7', 2026, 1, true),
  ('0f6e5b09-4275-13d7-92e2-20c7f63aabd7', 2026, 2, false),
  ('0f6e5b09-4275-13d7-92e2-20c7f63aabd7', 2026, 3, false),
  ('0f6e5b09-4275-13d7-92e2-20c7f63aabd7', 2026, 4, false),
  ('0f6e5b09-4275-13d7-92e2-20c7f63aabd7', 2026, 5, false),
  ('0f6e5b09-4275-13d7-92e2-20c7f63aabd7', 2026, 6, false),
  ('0f6e5b09-4275-13d7-92e2-20c7f63aabd7', 2026, 7, false),
  ('0f6e5b09-4275-13d7-92e2-20c7f63aabd7', 2026, 8, false),
  ('0f6e5b09-4275-13d7-92e2-20c7f63aabd7', 2026, 9, false),
  ('0f6e5b09-4275-13d7-92e2-20c7f63aabd7', 2026, 10, false),
  ('0f6e5b09-4275-13d7-92e2-20c7f63aabd7', 2026, 11, false),
  ('0f6e5b09-4275-13d7-92e2-20c7f63aabd7', 2026, 12, false),
  ('7e0a6d78-27d7-1af7-d4a9-95c9920ae42d', 2026, 1, true),
  ('7e0a6d78-27d7-1af7-d4a9-95c9920ae42d', 2026, 2, false),
  ('7e0a6d78-27d7-1af7-d4a9-95c9920ae42d', 2026, 3, false),
  ('7e0a6d78-27d7-1af7-d4a9-95c9920ae42d', 2026, 4, false),
  ('7e0a6d78-27d7-1af7-d4a9-95c9920ae42d', 2026, 5, false),
  ('7e0a6d78-27d7-1af7-d4a9-95c9920ae42d', 2026, 6, false),
  ('7e0a6d78-27d7-1af7-d4a9-95c9920ae42d', 2026, 7, false),
  ('7e0a6d78-27d7-1af7-d4a9-95c9920ae42d', 2026, 8, false),
  ('7e0a6d78-27d7-1af7-d4a9-95c9920ae42d', 2026, 9, false),
  ('7e0a6d78-27d7-1af7-d4a9-95c9920ae42d', 2026, 10, false),
  ('7e0a6d78-27d7-1af7-d4a9-95c9920ae42d', 2026, 11, false),
  ('7e0a6d78-27d7-1af7-d4a9-95c9920ae42d', 2026, 12, false),
  ('31c71465-a88a-04e1-e71a-a8920526b506', 2026, 2, false),
  ('31c71465-a88a-04e1-e71a-a8920526b506', 2026, 3, false),
  ('31c71465-a88a-04e1-e71a-a8920526b506', 2026, 4, false),
  ('31c71465-a88a-04e1-e71a-a8920526b506', 2026, 5, false),
  ('31c71465-a88a-04e1-e71a-a8920526b506', 2026, 6, false),
  ('31c71465-a88a-04e1-e71a-a8920526b506', 2026, 7, false),
  ('31c71465-a88a-04e1-e71a-a8920526b506', 2026, 8, false),
  ('31c71465-a88a-04e1-e71a-a8920526b506', 2026, 9, false),
  ('31c71465-a88a-04e1-e71a-a8920526b506', 2026, 10, false),
  ('31c71465-a88a-04e1-e71a-a8920526b506', 2026, 11, false),
  ('31c71465-a88a-04e1-e71a-a8920526b506', 2026, 12, false),
  ('0fcd692b-dd85-30c5-bb53-125e130bab2c', 2026, 1, true),
  ('0fcd692b-dd85-30c5-bb53-125e130bab2c', 2026, 2, false),
  ('0fcd692b-dd85-30c5-bb53-125e130bab2c', 2026, 3, false),
  ('0fcd692b-dd85-30c5-bb53-125e130bab2c', 2026, 4, false),
  ('0fcd692b-dd85-30c5-bb53-125e130bab2c', 2026, 5, false),
  ('0fcd692b-dd85-30c5-bb53-125e130bab2c', 2026, 6, false),
  ('0fcd692b-dd85-30c5-bb53-125e130bab2c', 2026, 7, false),
  ('0fcd692b-dd85-30c5-bb53-125e130bab2c', 2026, 8, false),
  ('0fcd692b-dd85-30c5-bb53-125e130bab2c', 2026, 9, false),
  ('0fcd692b-dd85-30c5-bb53-125e130bab2c', 2026, 10, false),
  ('0fcd692b-dd85-30c5-bb53-125e130bab2c', 2026, 11, false),
  ('0fcd692b-dd85-30c5-bb53-125e130bab2c', 2026, 12, false),
  ('72ab67d5-15de-baae-3120-7d01f2300ae0', 2026, 1, true),
  ('72ab67d5-15de-baae-3120-7d01f2300ae0', 2026, 2, false),
  ('72ab67d5-15de-baae-3120-7d01f2300ae0', 2026, 3, false),
  ('72ab67d5-15de-baae-3120-7d01f2300ae0', 2026, 4, false),
  ('72ab67d5-15de-baae-3120-7d01f2300ae0', 2026, 5, false),
  ('72ab67d5-15de-baae-3120-7d01f2300ae0', 2026, 6, false),
  ('72ab67d5-15de-baae-3120-7d01f2300ae0', 2026, 7, false),
  ('72ab67d5-15de-baae-3120-7d01f2300ae0', 2026, 8, false),
  ('72ab67d5-15de-baae-3120-7d01f2300ae0', 2026, 9, false),
  ('72ab67d5-15de-baae-3120-7d01f2300ae0', 2026, 10, false),
  ('72ab67d5-15de-baae-3120-7d01f2300ae0', 2026, 11, false),
  ('72ab67d5-15de-baae-3120-7d01f2300ae0', 2026, 12, false),
  ('ffffb626-a303-102c-2de2-8d7e654d3acb', 2026, 2, false),
  ('ffffb626-a303-102c-2de2-8d7e654d3acb', 2026, 3, false),
  ('ffffb626-a303-102c-2de2-8d7e654d3acb', 2026, 4, false),
  ('ffffb626-a303-102c-2de2-8d7e654d3acb', 2026, 5, false),
  ('ffffb626-a303-102c-2de2-8d7e654d3acb', 2026, 6, false),
  ('ffffb626-a303-102c-2de2-8d7e654d3acb', 2026, 7, false),
  ('ffffb626-a303-102c-2de2-8d7e654d3acb', 2026, 8, false),
  ('ffffb626-a303-102c-2de2-8d7e654d3acb', 2026, 9, false),
  ('ffffb626-a303-102c-2de2-8d7e654d3acb', 2026, 10, false),
  ('ffffb626-a303-102c-2de2-8d7e654d3acb', 2026, 11, false),
  ('ffffb626-a303-102c-2de2-8d7e654d3acb', 2026, 12, false),
  ('bc7684e4-b2f8-b21c-8464-c9066d1b10ae', 2026, 1, true),
  ('bc7684e4-b2f8-b21c-8464-c9066d1b10ae', 2026, 2, false),
  ('bc7684e4-b2f8-b21c-8464-c9066d1b10ae', 2026, 3, false),
  ('bc7684e4-b2f8-b21c-8464-c9066d1b10ae', 2026, 4, false),
  ('bc7684e4-b2f8-b21c-8464-c9066d1b10ae', 2026, 5, false),
  ('bc7684e4-b2f8-b21c-8464-c9066d1b10ae', 2026, 6, false),
  ('bc7684e4-b2f8-b21c-8464-c9066d1b10ae', 2026, 7, false),
  ('bc7684e4-b2f8-b21c-8464-c9066d1b10ae', 2026, 8, false),
  ('bc7684e4-b2f8-b21c-8464-c9066d1b10ae', 2026, 9, false),
  ('bc7684e4-b2f8-b21c-8464-c9066d1b10ae', 2026, 10, false),
  ('bc7684e4-b2f8-b21c-8464-c9066d1b10ae', 2026, 11, false),
  ('bc7684e4-b2f8-b21c-8464-c9066d1b10ae', 2026, 12, false),
  ('139727af-d739-d207-b6fc-21e14129e656', 2026, 1, true),
  ('139727af-d739-d207-b6fc-21e14129e656', 2026, 2, false),
  ('139727af-d739-d207-b6fc-21e14129e656', 2026, 3, false),
  ('139727af-d739-d207-b6fc-21e14129e656', 2026, 4, false),
  ('139727af-d739-d207-b6fc-21e14129e656', 2026, 5, false),
  ('139727af-d739-d207-b6fc-21e14129e656', 2026, 6, false),
  ('139727af-d739-d207-b6fc-21e14129e656', 2026, 7, false),
  ('139727af-d739-d207-b6fc-21e14129e656', 2026, 8, false),
  ('139727af-d739-d207-b6fc-21e14129e656', 2026, 9, false),
  ('139727af-d739-d207-b6fc-21e14129e656', 2026, 10, false),
  ('139727af-d739-d207-b6fc-21e14129e656', 2026, 11, false),
  ('c2123288-de91-4fdf-ffa8-f2dee1fe01d6', 2026, 4, false),
  ('c2123288-de91-4fdf-ffa8-f2dee1fe01d6', 2026, 5, false),
  ('c2123288-de91-4fdf-ffa8-f2dee1fe01d6', 2026, 6, false),
  ('c2123288-de91-4fdf-ffa8-f2dee1fe01d6', 2026, 7, false),
  ('c2123288-de91-4fdf-ffa8-f2dee1fe01d6', 2026, 8, false),
  ('c2123288-de91-4fdf-ffa8-f2dee1fe01d6', 2026, 9, false),
  ('c2123288-de91-4fdf-ffa8-f2dee1fe01d6', 2026, 10, false),
  ('c2123288-de91-4fdf-ffa8-f2dee1fe01d6', 2026, 11, false),
  ('c2123288-de91-4fdf-ffa8-f2dee1fe01d6', 2026, 12, false),
  ('c33c05c8-bc48-1e18-549f-24285e782f07', 2026, 1, true),
  ('c33c05c8-bc48-1e18-549f-24285e782f07', 2026, 2, false),
  ('c33c05c8-bc48-1e18-549f-24285e782f07', 2026, 3, false),
  ('c33c05c8-bc48-1e18-549f-24285e782f07', 2026, 4, false),
  ('c33c05c8-bc48-1e18-549f-24285e782f07', 2026, 5, false),
  ('c33c05c8-bc48-1e18-549f-24285e782f07', 2026, 6, false),
  ('c33c05c8-bc48-1e18-549f-24285e782f07', 2026, 7, false),
  ('c33c05c8-bc48-1e18-549f-24285e782f07', 2026, 8, false),
  ('c33c05c8-bc48-1e18-549f-24285e782f07', 2026, 9, false),
  ('c33c05c8-bc48-1e18-549f-24285e782f07', 2026, 10, false),
  ('c33c05c8-bc48-1e18-549f-24285e782f07', 2026, 11, false),
  ('c33c05c8-bc48-1e18-549f-24285e782f07', 2026, 12, false),
  ('1f57986f-ade1-66c1-ecf9-9c8241f83675', 2026, 1, true),
  ('1f57986f-ade1-66c1-ecf9-9c8241f83675', 2026, 2, false),
  ('1f57986f-ade1-66c1-ecf9-9c8241f83675', 2026, 3, false),
  ('1f57986f-ade1-66c1-ecf9-9c8241f83675', 2026, 4, false),
  ('1f57986f-ade1-66c1-ecf9-9c8241f83675', 2026, 5, false),
  ('1f57986f-ade1-66c1-ecf9-9c8241f83675', 2026, 6, false),
  ('1f57986f-ade1-66c1-ecf9-9c8241f83675', 2026, 7, false),
  ('1f57986f-ade1-66c1-ecf9-9c8241f83675', 2026, 8, false),
  ('1f57986f-ade1-66c1-ecf9-9c8241f83675', 2026, 9, false),
  ('1f57986f-ade1-66c1-ecf9-9c8241f83675', 2026, 10, false),
  ('1f57986f-ade1-66c1-ecf9-9c8241f83675', 2026, 11, false),
  ('1f57986f-ade1-66c1-ecf9-9c8241f83675', 2026, 12, false),
  ('05a90db8-8bd9-d9a9-0902-9130a567fde3', 2026, 2, false),
  ('05a90db8-8bd9-d9a9-0902-9130a567fde3', 2026, 3, false),
  ('05a90db8-8bd9-d9a9-0902-9130a567fde3', 2026, 4, false),
  ('05a90db8-8bd9-d9a9-0902-9130a567fde3', 2026, 5, false),
  ('05a90db8-8bd9-d9a9-0902-9130a567fde3', 2026, 6, false),
  ('05a90db8-8bd9-d9a9-0902-9130a567fde3', 2026, 7, false),
  ('05a90db8-8bd9-d9a9-0902-9130a567fde3', 2026, 8, false),
  ('05a90db8-8bd9-d9a9-0902-9130a567fde3', 2026, 9, false),
  ('05a90db8-8bd9-d9a9-0902-9130a567fde3', 2026, 10, false),
  ('05a90db8-8bd9-d9a9-0902-9130a567fde3', 2026, 11, false),
  ('05a90db8-8bd9-d9a9-0902-9130a567fde3', 2026, 12, false),
  ('4bdddb5b-d119-eea8-475d-f3afa5968670', 2026, 1, true),
  ('4bdddb5b-d119-eea8-475d-f3afa5968670', 2026, 2, false),
  ('4bdddb5b-d119-eea8-475d-f3afa5968670', 2026, 3, false),
  ('4bdddb5b-d119-eea8-475d-f3afa5968670', 2026, 4, false),
  ('4bdddb5b-d119-eea8-475d-f3afa5968670', 2026, 5, false),
  ('4bdddb5b-d119-eea8-475d-f3afa5968670', 2026, 6, false),
  ('4bdddb5b-d119-eea8-475d-f3afa5968670', 2026, 7, false),
  ('4bdddb5b-d119-eea8-475d-f3afa5968670', 2026, 8, false),
  ('4bdddb5b-d119-eea8-475d-f3afa5968670', 2026, 9, false),
  ('4bdddb5b-d119-eea8-475d-f3afa5968670', 2026, 10, false),
  ('4bdddb5b-d119-eea8-475d-f3afa5968670', 2026, 11, false),
  ('4bdddb5b-d119-eea8-475d-f3afa5968670', 2026, 12, false),
  ('0716a46a-91e1-0535-9c49-c623317ecf23', 2026, 1, true),
  ('0716a46a-91e1-0535-9c49-c623317ecf23', 2026, 2, false),
  ('0716a46a-91e1-0535-9c49-c623317ecf23', 2026, 3, false),
  ('0716a46a-91e1-0535-9c49-c623317ecf23', 2026, 4, false),
  ('0716a46a-91e1-0535-9c49-c623317ecf23', 2026, 5, false),
  ('0716a46a-91e1-0535-9c49-c623317ecf23', 2026, 6, false),
  ('0716a46a-91e1-0535-9c49-c623317ecf23', 2026, 7, false),
  ('0716a46a-91e1-0535-9c49-c623317ecf23', 2026, 8, false),
  ('0716a46a-91e1-0535-9c49-c623317ecf23', 2026, 9, false),
  ('0716a46a-91e1-0535-9c49-c623317ecf23', 2026, 10, false),
  ('0716a46a-91e1-0535-9c49-c623317ecf23', 2026, 11, false),
  ('0716a46a-91e1-0535-9c49-c623317ecf23', 2026, 12, false),
  ('9f2c3f7d-0780-e5ba-39a7-76576275cdef', 2026, 1, false),
  ('9f2c3f7d-0780-e5ba-39a7-76576275cdef', 2026, 2, false),
  ('9f2c3f7d-0780-e5ba-39a7-76576275cdef', 2026, 3, false),
  ('9f2c3f7d-0780-e5ba-39a7-76576275cdef', 2026, 4, false),
  ('9f2c3f7d-0780-e5ba-39a7-76576275cdef', 2026, 5, false),
  ('9f2c3f7d-0780-e5ba-39a7-76576275cdef', 2026, 6, false),
  ('9f2c3f7d-0780-e5ba-39a7-76576275cdef', 2026, 7, false),
  ('9f2c3f7d-0780-e5ba-39a7-76576275cdef', 2026, 8, false),
  ('9f2c3f7d-0780-e5ba-39a7-76576275cdef', 2026, 9, false),
  ('9f2c3f7d-0780-e5ba-39a7-76576275cdef', 2026, 10, false),
  ('9f2c3f7d-0780-e5ba-39a7-76576275cdef', 2026, 11, false),
  ('9f2c3f7d-0780-e5ba-39a7-76576275cdef', 2026, 12, false),
  ('bb95430a-c73d-dd26-6c1a-5bfb2e9606ac', 2026, 1, false),
  ('bb95430a-c73d-dd26-6c1a-5bfb2e9606ac', 2026, 2, false),
  ('bb95430a-c73d-dd26-6c1a-5bfb2e9606ac', 2026, 3, false),
  ('bb95430a-c73d-dd26-6c1a-5bfb2e9606ac', 2026, 4, false),
  ('bb95430a-c73d-dd26-6c1a-5bfb2e9606ac', 2026, 5, false),
  ('bb95430a-c73d-dd26-6c1a-5bfb2e9606ac', 2026, 6, false),
  ('bb95430a-c73d-dd26-6c1a-5bfb2e9606ac', 2026, 7, false),
  ('bb95430a-c73d-dd26-6c1a-5bfb2e9606ac', 2026, 8, false),
  ('bb95430a-c73d-dd26-6c1a-5bfb2e9606ac', 2026, 9, false),
  ('bb95430a-c73d-dd26-6c1a-5bfb2e9606ac', 2026, 10, false),
  ('bb95430a-c73d-dd26-6c1a-5bfb2e9606ac', 2026, 11, false),
  ('bb95430a-c73d-dd26-6c1a-5bfb2e9606ac', 2026, 12, false),
  ('457ed72c-0603-b5bb-71e5-dbc4c63ffb98', 2026, 1, true),
  ('457ed72c-0603-b5bb-71e5-dbc4c63ffb98', 2026, 2, false),
  ('457ed72c-0603-b5bb-71e5-dbc4c63ffb98', 2026, 3, false),
  ('457ed72c-0603-b5bb-71e5-dbc4c63ffb98', 2026, 4, false),
  ('457ed72c-0603-b5bb-71e5-dbc4c63ffb98', 2026, 5, false),
  ('457ed72c-0603-b5bb-71e5-dbc4c63ffb98', 2026, 6, false),
  ('457ed72c-0603-b5bb-71e5-dbc4c63ffb98', 2026, 7, false),
  ('457ed72c-0603-b5bb-71e5-dbc4c63ffb98', 2026, 8, false),
  ('457ed72c-0603-b5bb-71e5-dbc4c63ffb98', 2026, 9, false),
  ('457ed72c-0603-b5bb-71e5-dbc4c63ffb98', 2026, 10, false),
  ('457ed72c-0603-b5bb-71e5-dbc4c63ffb98', 2026, 11, false),
  ('457ed72c-0603-b5bb-71e5-dbc4c63ffb98', 2026, 12, false),
  ('5a19d2dd-9ccd-f60c-49ba-40c046417390', 2026, 1, true),
  ('5a19d2dd-9ccd-f60c-49ba-40c046417390', 2026, 2, false),
  ('5a19d2dd-9ccd-f60c-49ba-40c046417390', 2026, 3, false),
  ('5a19d2dd-9ccd-f60c-49ba-40c046417390', 2026, 4, false),
  ('5a19d2dd-9ccd-f60c-49ba-40c046417390', 2026, 5, false),
  ('5a19d2dd-9ccd-f60c-49ba-40c046417390', 2026, 6, false),
  ('5a19d2dd-9ccd-f60c-49ba-40c046417390', 2026, 7, false),
  ('5a19d2dd-9ccd-f60c-49ba-40c046417390', 2026, 8, false),
  ('5a19d2dd-9ccd-f60c-49ba-40c046417390', 2026, 9, false),
  ('5a19d2dd-9ccd-f60c-49ba-40c046417390', 2026, 10, false),
  ('5a19d2dd-9ccd-f60c-49ba-40c046417390', 2026, 11, false),
  ('5a19d2dd-9ccd-f60c-49ba-40c046417390', 2026, 12, false),
  ('82091ee3-b4db-cada-bca9-4d120416f8fa', 2026, 2, false),
  ('82091ee3-b4db-cada-bca9-4d120416f8fa', 2026, 3, false),
  ('82091ee3-b4db-cada-bca9-4d120416f8fa', 2026, 4, false),
  ('82091ee3-b4db-cada-bca9-4d120416f8fa', 2026, 5, false),
  ('82091ee3-b4db-cada-bca9-4d120416f8fa', 2026, 6, false),
  ('82091ee3-b4db-cada-bca9-4d120416f8fa', 2026, 7, false),
  ('82091ee3-b4db-cada-bca9-4d120416f8fa', 2026, 8, false),
  ('82091ee3-b4db-cada-bca9-4d120416f8fa', 2026, 9, false),
  ('82091ee3-b4db-cada-bca9-4d120416f8fa', 2026, 10, false),
  ('82091ee3-b4db-cada-bca9-4d120416f8fa', 2026, 11, false),
  ('82091ee3-b4db-cada-bca9-4d120416f8fa', 2026, 12, false),
  ('ec260a6f-0b19-719a-29fb-1df87aba87ae', 2026, 1, true),
  ('ec260a6f-0b19-719a-29fb-1df87aba87ae', 2026, 2, false),
  ('ec260a6f-0b19-719a-29fb-1df87aba87ae', 2026, 3, false),
  ('ec260a6f-0b19-719a-29fb-1df87aba87ae', 2026, 4, false),
  ('ec260a6f-0b19-719a-29fb-1df87aba87ae', 2026, 5, false),
  ('ec260a6f-0b19-719a-29fb-1df87aba87ae', 2026, 6, false),
  ('ec260a6f-0b19-719a-29fb-1df87aba87ae', 2026, 7, false),
  ('ec260a6f-0b19-719a-29fb-1df87aba87ae', 2026, 8, false),
  ('ec260a6f-0b19-719a-29fb-1df87aba87ae', 2026, 9, false),
  ('ec260a6f-0b19-719a-29fb-1df87aba87ae', 2026, 10, false),
  ('ec260a6f-0b19-719a-29fb-1df87aba87ae', 2026, 11, false),
  ('ec260a6f-0b19-719a-29fb-1df87aba87ae', 2026, 12, false),
  ('28456c6d-82ba-fa8a-1511-474afc4778ac', 2026, 1, true),
  ('28456c6d-82ba-fa8a-1511-474afc4778ac', 2026, 2, false),
  ('28456c6d-82ba-fa8a-1511-474afc4778ac', 2026, 3, false),
  ('28456c6d-82ba-fa8a-1511-474afc4778ac', 2026, 4, false),
  ('28456c6d-82ba-fa8a-1511-474afc4778ac', 2026, 5, false),
  ('28456c6d-82ba-fa8a-1511-474afc4778ac', 2026, 6, false),
  ('28456c6d-82ba-fa8a-1511-474afc4778ac', 2026, 7, false),
  ('28456c6d-82ba-fa8a-1511-474afc4778ac', 2026, 8, false),
  ('28456c6d-82ba-fa8a-1511-474afc4778ac', 2026, 9, false),
  ('28456c6d-82ba-fa8a-1511-474afc4778ac', 2026, 10, false),
  ('28456c6d-82ba-fa8a-1511-474afc4778ac', 2026, 11, false),
  ('28456c6d-82ba-fa8a-1511-474afc4778ac', 2026, 12, false),
  ('60b17d58-239a-904f-022d-4c4814cb9ea3', 2026, 1, true),
  ('60b17d58-239a-904f-022d-4c4814cb9ea3', 2026, 2, false),
  ('60b17d58-239a-904f-022d-4c4814cb9ea3', 2026, 3, false),
  ('60b17d58-239a-904f-022d-4c4814cb9ea3', 2026, 4, false),
  ('60b17d58-239a-904f-022d-4c4814cb9ea3', 2026, 5, false),
  ('60b17d58-239a-904f-022d-4c4814cb9ea3', 2026, 6, false),
  ('60b17d58-239a-904f-022d-4c4814cb9ea3', 2026, 7, false),
  ('60b17d58-239a-904f-022d-4c4814cb9ea3', 2026, 8, false),
  ('60b17d58-239a-904f-022d-4c4814cb9ea3', 2026, 9, false),
  ('60b17d58-239a-904f-022d-4c4814cb9ea3', 2026, 10, false),
  ('60b17d58-239a-904f-022d-4c4814cb9ea3', 2026, 11, false),
  ('60b17d58-239a-904f-022d-4c4814cb9ea3', 2026, 12, false),
  ('e38ef7a0-87e3-7aa1-4317-129be6672583', 2026, 1, true),
  ('e38ef7a0-87e3-7aa1-4317-129be6672583', 2026, 2, false),
  ('e38ef7a0-87e3-7aa1-4317-129be6672583', 2026, 3, false),
  ('e38ef7a0-87e3-7aa1-4317-129be6672583', 2026, 4, false),
  ('e38ef7a0-87e3-7aa1-4317-129be6672583', 2026, 5, false),
  ('e38ef7a0-87e3-7aa1-4317-129be6672583', 2026, 6, false),
  ('e38ef7a0-87e3-7aa1-4317-129be6672583', 2026, 7, false),
  ('e38ef7a0-87e3-7aa1-4317-129be6672583', 2026, 8, false),
  ('e38ef7a0-87e3-7aa1-4317-129be6672583', 2026, 9, false),
  ('e38ef7a0-87e3-7aa1-4317-129be6672583', 2026, 10, false),
  ('e38ef7a0-87e3-7aa1-4317-129be6672583', 2026, 11, false),
  ('e38ef7a0-87e3-7aa1-4317-129be6672583', 2026, 12, false),
  ('f49bd6c6-c27c-4034-d5e5-4d1af48432fa', 2026, 1, true),
  ('f49bd6c6-c27c-4034-d5e5-4d1af48432fa', 2026, 2, false),
  ('f49bd6c6-c27c-4034-d5e5-4d1af48432fa', 2026, 3, false),
  ('f49bd6c6-c27c-4034-d5e5-4d1af48432fa', 2026, 4, false),
  ('f49bd6c6-c27c-4034-d5e5-4d1af48432fa', 2026, 5, false),
  ('f49bd6c6-c27c-4034-d5e5-4d1af48432fa', 2026, 6, false),
  ('f49bd6c6-c27c-4034-d5e5-4d1af48432fa', 2026, 7, false),
  ('f49bd6c6-c27c-4034-d5e5-4d1af48432fa', 2026, 8, false),
  ('f49bd6c6-c27c-4034-d5e5-4d1af48432fa', 2026, 9, false),
  ('f49bd6c6-c27c-4034-d5e5-4d1af48432fa', 2026, 10, false),
  ('f49bd6c6-c27c-4034-d5e5-4d1af48432fa', 2026, 11, false),
  ('f49bd6c6-c27c-4034-d5e5-4d1af48432fa', 2026, 12, false),
  ('dd81798f-31e8-4143-6796-a4c2ce7f1361', 2026, 1, true),
  ('dd81798f-31e8-4143-6796-a4c2ce7f1361', 2026, 2, false),
  ('dd81798f-31e8-4143-6796-a4c2ce7f1361', 2026, 3, false),
  ('dd81798f-31e8-4143-6796-a4c2ce7f1361', 2026, 4, false),
  ('dd81798f-31e8-4143-6796-a4c2ce7f1361', 2026, 5, false),
  ('dd81798f-31e8-4143-6796-a4c2ce7f1361', 2026, 6, false),
  ('dd81798f-31e8-4143-6796-a4c2ce7f1361', 2026, 7, false),
  ('dd81798f-31e8-4143-6796-a4c2ce7f1361', 2026, 8, false),
  ('dd81798f-31e8-4143-6796-a4c2ce7f1361', 2026, 9, false),
  ('dd81798f-31e8-4143-6796-a4c2ce7f1361', 2026, 10, false),
  ('dd81798f-31e8-4143-6796-a4c2ce7f1361', 2026, 11, false),
  ('dd81798f-31e8-4143-6796-a4c2ce7f1361', 2026, 12, false),
  ('14bcf9ad-4456-901d-0693-f48cf8d47f6a', 2026, 1, true),
  ('14bcf9ad-4456-901d-0693-f48cf8d47f6a', 2026, 2, false),
  ('14bcf9ad-4456-901d-0693-f48cf8d47f6a', 2026, 3, false),
  ('14bcf9ad-4456-901d-0693-f48cf8d47f6a', 2026, 4, false),
  ('14bcf9ad-4456-901d-0693-f48cf8d47f6a', 2026, 5, false),
  ('14bcf9ad-4456-901d-0693-f48cf8d47f6a', 2026, 6, false),
  ('14bcf9ad-4456-901d-0693-f48cf8d47f6a', 2026, 7, false),
  ('14bcf9ad-4456-901d-0693-f48cf8d47f6a', 2026, 8, false),
  ('14bcf9ad-4456-901d-0693-f48cf8d47f6a', 2026, 9, false),
  ('14bcf9ad-4456-901d-0693-f48cf8d47f6a', 2026, 10, false),
  ('14bcf9ad-4456-901d-0693-f48cf8d47f6a', 2026, 11, false),
  ('14bcf9ad-4456-901d-0693-f48cf8d47f6a', 2026, 12, false),
  ('d8f8bd10-aa2b-4cd3-96b0-e6d1252c0f64', 2026, 1, true),
  ('d8f8bd10-aa2b-4cd3-96b0-e6d1252c0f64', 2026, 2, false),
  ('d8f8bd10-aa2b-4cd3-96b0-e6d1252c0f64', 2026, 3, false),
  ('d8f8bd10-aa2b-4cd3-96b0-e6d1252c0f64', 2026, 4, false),
  ('d8f8bd10-aa2b-4cd3-96b0-e6d1252c0f64', 2026, 5, false),
  ('d8f8bd10-aa2b-4cd3-96b0-e6d1252c0f64', 2026, 6, false),
  ('d8f8bd10-aa2b-4cd3-96b0-e6d1252c0f64', 2026, 7, false),
  ('d8f8bd10-aa2b-4cd3-96b0-e6d1252c0f64', 2026, 8, false),
  ('d8f8bd10-aa2b-4cd3-96b0-e6d1252c0f64', 2026, 9, false),
  ('d8f8bd10-aa2b-4cd3-96b0-e6d1252c0f64', 2026, 10, false),
  ('d8f8bd10-aa2b-4cd3-96b0-e6d1252c0f64', 2026, 11, false),
  ('d8f8bd10-aa2b-4cd3-96b0-e6d1252c0f64', 2026, 12, false),
  ('9afc6625-3c5e-9018-3350-f8718d23338d', 2026, 1, false),
  ('9afc6625-3c5e-9018-3350-f8718d23338d', 2026, 2, false),
  ('9afc6625-3c5e-9018-3350-f8718d23338d', 2026, 3, false),
  ('9afc6625-3c5e-9018-3350-f8718d23338d', 2026, 4, false),
  ('9afc6625-3c5e-9018-3350-f8718d23338d', 2026, 5, false),
  ('9afc6625-3c5e-9018-3350-f8718d23338d', 2026, 6, false),
  ('9afc6625-3c5e-9018-3350-f8718d23338d', 2026, 7, false),
  ('9afc6625-3c5e-9018-3350-f8718d23338d', 2026, 8, false),
  ('9afc6625-3c5e-9018-3350-f8718d23338d', 2026, 9, false),
  ('9afc6625-3c5e-9018-3350-f8718d23338d', 2026, 10, false),
  ('9afc6625-3c5e-9018-3350-f8718d23338d', 2026, 11, false),
  ('9afc6625-3c5e-9018-3350-f8718d23338d', 2026, 12, false),
  ('b32328b3-e33a-77ac-951d-7ec2630e052b', 2026, 1, true),
  ('b32328b3-e33a-77ac-951d-7ec2630e052b', 2026, 2, false),
  ('b32328b3-e33a-77ac-951d-7ec2630e052b', 2026, 3, false),
  ('b32328b3-e33a-77ac-951d-7ec2630e052b', 2026, 4, false),
  ('b32328b3-e33a-77ac-951d-7ec2630e052b', 2026, 5, false),
  ('b32328b3-e33a-77ac-951d-7ec2630e052b', 2026, 6, false),
  ('b32328b3-e33a-77ac-951d-7ec2630e052b', 2026, 7, false),
  ('b32328b3-e33a-77ac-951d-7ec2630e052b', 2026, 8, false),
  ('b32328b3-e33a-77ac-951d-7ec2630e052b', 2026, 9, false),
  ('b32328b3-e33a-77ac-951d-7ec2630e052b', 2026, 10, false),
  ('b32328b3-e33a-77ac-951d-7ec2630e052b', 2026, 11, false),
  ('b32328b3-e33a-77ac-951d-7ec2630e052b', 2026, 12, false),
  ('28922c28-b626-9c92-6032-997dbf39586f', 2026, 1, true),
  ('28922c28-b626-9c92-6032-997dbf39586f', 2026, 2, false),
  ('28922c28-b626-9c92-6032-997dbf39586f', 2026, 3, false),
  ('28922c28-b626-9c92-6032-997dbf39586f', 2026, 4, false),
  ('28922c28-b626-9c92-6032-997dbf39586f', 2026, 5, false),
  ('28922c28-b626-9c92-6032-997dbf39586f', 2026, 6, false),
  ('28922c28-b626-9c92-6032-997dbf39586f', 2026, 7, false),
  ('28922c28-b626-9c92-6032-997dbf39586f', 2026, 8, false),
  ('28922c28-b626-9c92-6032-997dbf39586f', 2026, 9, false),
  ('28922c28-b626-9c92-6032-997dbf39586f', 2026, 10, false),
  ('28922c28-b626-9c92-6032-997dbf39586f', 2026, 11, false),
  ('28922c28-b626-9c92-6032-997dbf39586f', 2026, 12, false);

-- ── SUBSCRIPTION PAYMENTS 2026 ─────────────────────────────
insert into subscription_payments (client_id, year, month, status, notes)
values
  ('7724d02f-cf27-e8af-6878-4e484460dd17', 2026, 1, 'ok', NULL),
  ('7724d02f-cf27-e8af-6878-4e484460dd17', 2026, 2, 'ok', NULL),
  ('fc4195af-9fa5-6f04-dbde-9c9e5d45ed34', 2026, 1, 'ok', NULL),
  ('fc4195af-9fa5-6f04-dbde-9c9e5d45ed34', 2026, 2, 'ok', NULL),
  ('670a4449-9696-0594-037a-4d0b44d9f464', 2026, 1, 'ok', 'Link mandato il 19FEB'),
  ('670a4449-9696-0594-037a-4d0b44d9f464', 2026, 2, 'no_tentativo', NULL),
  ('44323647-0e8c-e83c-c207-0c8967459a58', 2026, 1, 'ok', NULL),
  ('44323647-0e8c-e83c-c207-0c8967459a58', 2026, 2, 'ok', NULL),
  ('de32ee56-59b1-8e38-2667-f3741e7ccbd1', 2026, 1, 'ok', NULL),
  ('de32ee56-59b1-8e38-2667-f3741e7ccbd1', 2026, 2, 'ok', NULL),
  ('3f116211-c3d5-ece3-654b-0b757eb2c282', 2026, 1, 'ok', NULL),
  ('3f116211-c3d5-ece3-654b-0b757eb2c282', 2026, 2, 'ok', NULL),
  ('b0671ffd-6ee8-f498-e624-d34d20923506', 2026, 1, 'no_tentativo', 'aspettiamo lui mi dice quando'),
  ('b0671ffd-6ee8-f498-e624-d34d20923506', 2026, 2, 'no_tentativo', NULL),
  ('fba61e9b-85c8-e2c0-5148-32f9ad8cd5a6', 2026, 1, 'no_tentativo', 'da gennaio, aspettare la banca, pagherà 1200?'),
  ('fba61e9b-85c8-e2c0-5148-32f9ad8cd5a6', 2026, 2, 'no_tentativo', NULL),
  ('197d9d0b-4382-816b-69f3-ca6d7a5b9ced', 2026, 1, 'ok', NULL),
  ('197d9d0b-4382-816b-69f3-ca6d7a5b9ced', 2026, 2, 'ok', NULL),
  ('4e48caa4-d42b-4e63-e808-a2c9597de036', 2026, 2, 'ok', NULL),
  ('5b71b136-2eab-38c3-3a31-272ac9afb758', 2026, 2, 'ok', NULL),
  ('2011102f-fc18-181e-8014-c06ca2fb33f8', 2026, 1, 'ok', NULL),
  ('2011102f-fc18-181e-8014-c06ca2fb33f8', 2026, 2, 'ok', NULL),
  ('cd792f08-57fa-932f-f14c-26965a607ee7', 2026, 2, 'ok', NULL),
  ('2f87470d-f401-5f0c-ae26-8d1050e347d0', 2026, 1, 'ok', NULL),
  ('a7e0dfe3-c14f-2d23-1ff8-51e6bd095398', 2026, 1, 'ok', NULL),
  ('a7e0dfe3-c14f-2d23-1ff8-51e6bd095398', 2026, 2, 'ok', NULL),
  ('b5b7e4d4-9a65-d99c-2eb0-ac7ab77a1ee9', 2026, 2, 'ok', NULL),
  ('e8d9ddc6-7074-480d-d5ac-e39af8149803', 2026, 1, 'ok', NULL),
  ('e8d9ddc6-7074-480d-d5ac-e39af8149803', 2026, 2, 'ok', NULL),
  ('aa832b0b-ba5d-d53c-7f91-e01b56ea392a', 2026, 1, 'ok', NULL),
  ('aa832b0b-ba5d-d53c-7f91-e01b56ea392a', 2026, 2, 'ok', NULL),
  ('6159fbb8-42df-06ee-6784-0fb174e719df', 2026, 1, 'ok', 'non va mai il pagamento'),
  ('6159fbb8-42df-06ee-6784-0fb174e719df', 2026, 2, 'failed', NULL),
  ('95dcc705-0011-6269-ffc8-d80411a67b26', 2026, 1, 'ok', NULL),
  ('95dcc705-0011-6269-ffc8-d80411a67b26', 2026, 2, 'ok', NULL),
  ('380ce226-afe6-ba76-fbd8-9cdc0b675701', 2026, 1, 'ok', NULL),
  ('380ce226-afe6-ba76-fbd8-9cdc0b675701', 2026, 2, 'ok', NULL),
  ('d9f7b290-07d3-fb3c-3726-0a6e8f147b89', 2026, 1, 'ok', NULL),
  ('a6c1d0d8-863c-f001-728b-2c0b81f0127d', 2026, 1, 'ok', NULL),
  ('6d593d0f-ad28-ff8f-6d00-6e36f6678c7b', 2026, 1, 'ok', NULL),
  ('6d593d0f-ad28-ff8f-6d00-6e36f6678c7b', 2026, 2, 'ok', NULL),
  ('92b1ec96-0bc8-2146-0119-1c755987fe99', 2026, 1, 'ok', 'aspettare che lascia Affinitas e fare 1200 aed MARZO'),
  ('92b1ec96-0bc8-2146-0119-1c755987fe99', 2026, 2, 'ok', NULL),
  ('7de07b9e-60cb-407d-03dc-24d8a63ae014', 2026, 2, 'ok', NULL),
  ('d93187f1-8d2e-2584-6fbe-4aa1d636dcd9', 2026, 1, 'ok', NULL),
  ('d93187f1-8d2e-2584-6fbe-4aa1d636dcd9', 2026, 2, 'ok', NULL),
  ('f8b70254-e578-7c5d-5bba-8795ecd11971', 2026, 1, 'ok', NULL),
  ('f8b70254-e578-7c5d-5bba-8795ecd11971', 2026, 2, 'ok', NULL),
  ('a49312ca-b729-e183-e217-a8a03603615c', 2026, 1, 'ok', NULL),
  ('a49312ca-b729-e183-e217-a8a03603615c', 2026, 2, 'ok', NULL),
  ('72e8d369-a310-276b-ee74-b43a3c34e7a2', 2026, 1, 'ok', NULL),
  ('72e8d369-a310-276b-ee74-b43a3c34e7a2', 2026, 2, 'ok', NULL),
  ('bc757f51-a251-b788-bd9b-e38ea2c8c6ca', 2026, 1, 'ok', NULL),
  ('bc757f51-a251-b788-bd9b-e38ea2c8c6ca', 2026, 2, 'ok', NULL),
  ('ed530b3a-1950-0522-c897-e69350177b68', 2026, 1, 'ok', NULL),
  ('ed530b3a-1950-0522-c897-e69350177b68', 2026, 2, 'ok', NULL),
  ('b4bf5b8f-72fc-2f9d-ff65-a2c1fc97c5ce', 2026, 1, 'ok', NULL),
  ('b4bf5b8f-72fc-2f9d-ff65-a2c1fc97c5ce', 2026, 2, 'ok', NULL),
  ('d4b409c3-f197-a8c1-62d9-c28c95898b08', 2026, 1, 'ok', NULL),
  ('d4b409c3-f197-a8c1-62d9-c28c95898b08', 2026, 2, 'ok', NULL),
  ('6c72d256-daee-b1d0-5ee0-5d3795b2c420', 2026, 1, 'no_tentativo', 'se paga: darlo a VAT e a noi abbo di 1400'),
  ('6c72d256-daee-b1d0-5ee0-5d3795b2c420', 2026, 2, 'no_tentativo', NULL),
  ('953f6352-7448-d43e-a163-bff61126fd9a', 2026, 1, 'ok', NULL),
  ('953f6352-7448-d43e-a163-bff61126fd9a', 2026, 2, 'ok', NULL),
  ('a90f8d62-e32c-e025-866c-e8d5a9742fe7', 2026, 1, 'failed', NULL),
  ('a90f8d62-e32c-e025-866c-e8d5a9742fe7', 2026, 2, 'failed', NULL),
  ('d49ae69b-f9d4-8267-2c5d-2ca0b5e5958d', 2026, 1, 'ok', '500AED'),
  ('d49ae69b-f9d4-8267-2c5d-2ca0b5e5958d', 2026, 2, 'ok', NULL),
  ('b6642a68-21b7-5d3b-94d1-0605f87a027e', 2026, 2, 'no_tentativo', NULL),
  ('8795ecd2-93af-0d76-855b-0569753bd008', 2026, 1, 'ok', NULL),
  ('8795ecd2-93af-0d76-855b-0569753bd008', 2026, 2, 'ok', NULL),
  ('bb652011-53cd-2fbb-f70a-a7f60c160d83', 2026, 1, 'ok', NULL),
  ('bb652011-53cd-2fbb-f70a-a7f60c160d83', 2026, 2, 'ok', NULL),
  ('2bbf4f00-ca2a-deb0-87bb-d12ab56283c0', 2026, 1, 'ok', NULL),
  ('2bbf4f00-ca2a-deb0-87bb-d12ab56283c0', 2026, 2, 'ok', NULL),
  ('2d090dc9-23c9-e17c-4cd0-eb41285bf4b6', 2026, 2, 'ok', NULL),
  ('b977b685-d80b-6ac6-5bd9-470e8485e555', 2026, 1, 'ok', NULL),
  ('b977b685-d80b-6ac6-5bd9-470e8485e555', 2026, 2, 'ok', NULL),
  ('4f49f2cc-fc31-cebf-1190-f7e1ba2ffb49', 2026, 1, 'ok', NULL),
  ('4f49f2cc-fc31-cebf-1190-f7e1ba2ffb49', 2026, 2, 'ok', NULL),
  ('18f49da7-008c-0623-ca1f-0b6197e9a171', 2026, 1, 'ok', NULL),
  ('18f49da7-008c-0623-ca1f-0b6197e9a171', 2026, 2, 'ok', NULL),
  ('a1fdba57-7cb6-5998-c712-a8548eb61229', 2026, 1, 'no_tentativo', 'ora 800 e poi 1200 - paghera quando incassa'),
  ('a1fdba57-7cb6-5998-c712-a8548eb61229', 2026, 2, 'no_tentativo', NULL),
  ('9bcdbcc1-c840-3d52-b6fe-f84970d8d675', 2026, 1, 'ok', NULL),
  ('9bcdbcc1-c840-3d52-b6fe-f84970d8d675', 2026, 2, 'ok', NULL),
  ('a444bb06-cd06-f471-c8bd-e541868d1c01', 2026, 1, 'failed', NULL),
  ('a444bb06-cd06-f471-c8bd-e541868d1c01', 2026, 2, 'failed', NULL),
  ('762bf2e2-1c3b-0737-8d43-213179c80700', 2026, 1, 'ok', NULL),
  ('3de4901a-1ba6-75ce-fad3-5ae673124ccd', 2026, 1, 'ok', NULL),
  ('3de4901a-1ba6-75ce-fad3-5ae673124ccd', 2026, 2, 'ok', NULL),
  ('cc0c7355-4346-762f-6a9b-94721d908c31', 2026, 1, 'ok', NULL),
  ('cc0c7355-4346-762f-6a9b-94721d908c31', 2026, 2, 'ok', NULL),
  ('550afa64-fd61-8949-804e-ced7c0e9cdb9', 2026, 1, 'ok', '800 finche fara piu invoices'),
  ('550afa64-fd61-8949-804e-ced7c0e9cdb9', 2026, 2, 'ok', NULL),
  ('11fa5a95-92a3-047d-6a08-ea2c868db2ed', 2026, 1, 'ok', NULL),
  ('11fa5a95-92a3-047d-6a08-ea2c868db2ed', 2026, 2, 'ok', NULL),
  ('99285a3b-608a-fd8a-f88e-bf31c6bcc6e8', 2026, 2, 'no_tentativo', NULL),
  ('5f3a66d4-b11f-3c65-4ac6-be5ecfa23858', 2026, 1, 'ok', NULL),
  ('5f3a66d4-b11f-3c65-4ac6-be5ecfa23858', 2026, 2, 'ok', NULL),
  ('0c35007e-a06e-8184-ed58-cc66a303f302', 2026, 1, 'ok', NULL),
  ('84c8f9e7-6483-d20b-312a-5208d351fb9f', 2026, 1, 'ok', 'Bonifico chiedere a Pellegrino ogni mese'),
  ('84c8f9e7-6483-d20b-312a-5208d351fb9f', 2026, 2, 'no_tentativo', NULL),
  ('0f6e5b09-4275-13d7-92e2-20c7f63aabd7', 2026, 1, 'ok', NULL),
  ('7e0a6d78-27d7-1af7-d4a9-95c9920ae42d', 2026, 2, 'ok', NULL),
  ('0fcd692b-dd85-30c5-bb53-125e130bab2c', 2026, 1, 'ok', NULL),
  ('139727af-d739-d207-b6fc-21e14129e656', 2026, 1, 'ok', '800 aed - manca ABBO link da mandare entro il 28'),
  ('139727af-d739-d207-b6fc-21e14129e656', 2026, 2, 'no_tentativo', NULL),
  ('c33c05c8-bc48-1e18-549f-24285e782f07', 2026, 1, 'ok', '840AED'),
  ('c33c05c8-bc48-1e18-549f-24285e782f07', 2026, 2, 'ok', NULL),
  ('1f57986f-ade1-66c1-ecf9-9c8241f83675', 2026, 1, 'ok', NULL),
  ('1f57986f-ade1-66c1-ecf9-9c8241f83675', 2026, 2, 'ok', NULL),
  ('05a90db8-8bd9-d9a9-0902-9130a567fde3', 2026, 2, 'no_tentativo', NULL),
  ('4bdddb5b-d119-eea8-475d-f3afa5968670', 2026, 1, 'ok', NULL),
  ('4bdddb5b-d119-eea8-475d-f3afa5968670', 2026, 2, 'ok', NULL),
  ('0716a46a-91e1-0535-9c49-c623317ecf23', 2026, 1, 'ok', NULL),
  ('0716a46a-91e1-0535-9c49-c623317ecf23', 2026, 2, 'ok', NULL),
  ('9f2c3f7d-0780-e5ba-39a7-76576275cdef', 2026, 1, 'ok', NULL),
  ('9f2c3f7d-0780-e5ba-39a7-76576275cdef', 2026, 2, 'ok', NULL),
  ('bb95430a-c73d-dd26-6c1a-5bfb2e9606ac', 2026, 2, 'no_tentativo', NULL),
  ('457ed72c-0603-b5bb-71e5-dbc4c63ffb98', 2026, 1, 'ok', NULL),
  ('5a19d2dd-9ccd-f60c-49ba-40c046417390', 2026, 1, 'ok', NULL),
  ('5a19d2dd-9ccd-f60c-49ba-40c046417390', 2026, 2, 'ok', NULL),
  ('ec260a6f-0b19-719a-29fb-1df87aba87ae', 2026, 1, 'ok', '1800AED'),
  ('ec260a6f-0b19-719a-29fb-1df87aba87ae', 2026, 2, 'ok', NULL),
  ('28456c6d-82ba-fa8a-1511-474afc4778ac', 2026, 1, 'ok', NULL),
  ('28456c6d-82ba-fa8a-1511-474afc4778ac', 2026, 2, 'ok', NULL),
  ('60b17d58-239a-904f-022d-4c4814cb9ea3', 2026, 1, 'ok', NULL),
  ('60b17d58-239a-904f-022d-4c4814cb9ea3', 2026, 2, 'ok', NULL),
  ('e38ef7a0-87e3-7aa1-4317-129be6672583', 2026, 1, 'ok', NULL),
  ('e38ef7a0-87e3-7aa1-4317-129be6672583', 2026, 2, 'ok', NULL),
  ('f49bd6c6-c27c-4034-d5e5-4d1af48432fa', 2026, 1, 'ok', NULL),
  ('f49bd6c6-c27c-4034-d5e5-4d1af48432fa', 2026, 2, 'ok', NULL),
  ('dd81798f-31e8-4143-6796-a4c2ce7f1361', 2026, 1, 'ok', '800aed'),
  ('14bcf9ad-4456-901d-0693-f48cf8d47f6a', 2026, 1, 'no_tentativo', 'fino DIC cash, da gennaio c/c 1200 link mandato 8GEN'),
  ('14bcf9ad-4456-901d-0693-f48cf8d47f6a', 2026, 2, 'no_tentativo', NULL),
  ('d8f8bd10-aa2b-4cd3-96b0-e6d1252c0f64', 2026, 1, 'ok', NULL),
  ('d8f8bd10-aa2b-4cd3-96b0-e6d1252c0f64', 2026, 2, 'ok', NULL),
  ('9afc6625-3c5e-9018-3350-f8718d23338d', 2026, 1, 'no_tentativo', 'Paga annuale ad Aprile'),
  ('9afc6625-3c5e-9018-3350-f8718d23338d', 2026, 2, 'no_tentativo', NULL),
  ('28922c28-b626-9c92-6032-997dbf39586f', 2026, 1, 'ok', NULL);

-- ── VAT REGISTER ───────────────────────────────────────────
insert into vat_register (
  client_id, accounting_partner, application_date, approval_date,
  return_deadline_1, return_deadline_2, return_deadline_3, return_deadline_4,
  payment_to_studio, payment_vat
) values
  ('7724d02f-cf27-e8af-6878-4e484460dd17', 'vat_consultant', '2025-11-01', '2025-11-18',
   '2025-03-28', NULL, NULL, NULL,
   '-', '-'),
  ('f0ccfdcf-8f05-62ac-8899-7091f7487fe1', NULL, NULL, NULL,
   NULL, NULL, NULL, NULL,
   NULL, NULL),
  ('fc4195af-9fa5-6f04-dbde-9c9e5d45ed34', 'noi', NULL, NULL,
   NULL, NULL, NULL, NULL,
   NULL, NULL),
  ('670a4449-9696-0594-037a-4d0b44d9f464', 'affinitas', NULL, NULL,
   '2026-03-02', NULL, NULL, NULL,
   NULL, NULL),
  ('44323647-0e8c-e83c-c207-0c8967459a58', 'vat_consultant', '2025-11-05', '2025-11-24',
   '2026-02-28', '2026-05-28', NULL, NULL,
   '-', '-'),
  ('de32ee56-59b1-8e38-2667-f3741e7ccbd1', 'affinitas', NULL, NULL,
   '2025-01-28', NULL, NULL, NULL,
   NULL, NULL),
  ('bbdaba9c-c4e7-14d7-8810-d6fc9c18bf5b', NULL, NULL, NULL,
   NULL, NULL, NULL, NULL,
   NULL, NULL),
  ('3f116211-c3d5-ece3-654b-0b757eb2c282', 'noi', NULL, NULL,
   NULL, NULL, NULL, NULL,
   NULL, NULL),
  ('b0671ffd-6ee8-f498-e624-d34d20923506', 'vat_consultant', NULL, NULL,
   NULL, NULL, NULL, NULL,
   NULL, NULL),
  ('fba61e9b-85c8-e2c0-5148-32f9ad8cd5a6', 'noi', '2026-01-21', '2026-01-22',
   '2026-04-28', NULL, NULL, NULL,
   'quanto?', 'Noi'),
  ('197d9d0b-4382-816b-69f3-ca6d7a5b9ced', NULL, NULL, NULL,
   NULL, NULL, NULL, NULL,
   NULL, NULL),
  ('4e48caa4-d42b-4e63-e808-a2c9597de036', NULL, NULL, NULL,
   NULL, NULL, NULL, NULL,
   NULL, NULL),
  ('ddf99052-cc19-7595-19bd-743e28277401', 'in_sospeso', NULL, NULL,
   NULL, NULL, NULL, NULL,
   NULL, NULL),
  ('5b71b136-2eab-38c3-3a31-272ac9afb758', 'noi', NULL, NULL,
   NULL, NULL, NULL, NULL,
   NULL, NULL),
  ('2011102f-fc18-181e-8014-c06ca2fb33f8', 'noi', NULL, NULL,
   NULL, NULL, NULL, NULL,
   NULL, NULL),
  ('cd792f08-57fa-932f-f14c-26965a607ee7', 'noi', NULL, NULL,
   NULL, NULL, NULL, NULL,
   NULL, NULL),
  ('2f87470d-f401-5f0c-ae26-8d1050e347d0', 'noi', '2026-01-30', '2026-02-03',
   '2026-04-28', NULL, NULL, NULL,
   '2026-02-03 00:00:00', 'NO'),
  ('a7e0dfe3-c14f-2d23-1ff8-51e6bd095398', 'noi', NULL, NULL,
   NULL, NULL, NULL, NULL,
   NULL, NULL),
  ('b5b7e4d4-9a65-d99c-2eb0-ac7ab77a1ee9', NULL, NULL, NULL,
   NULL, NULL, NULL, NULL,
   NULL, NULL),
  ('e8d9ddc6-7074-480d-d5ac-e39af8149803', 'affinitas', NULL, NULL,
   '2026-03-02', NULL, NULL, NULL,
   NULL, NULL),
  ('bea3631e-aec8-3865-7f5b-e78d1f2608c8', NULL, NULL, NULL,
   NULL, NULL, NULL, NULL,
   NULL, NULL),
  ('aa832b0b-ba5d-d53c-7f91-e01b56ea392a', 'noi', NULL, NULL,
   NULL, NULL, NULL, NULL,
   NULL, NULL),
  ('6159fbb8-42df-06ee-6784-0fb174e719df', 'vat_consultant', NULL, NULL,
   NULL, NULL, NULL, NULL,
   NULL, NULL),
  ('95dcc705-0011-6269-ffc8-d80411a67b26', 'vat_consultant', '2025-11-12', '2025-11-22',
   '2026-03-28', NULL, NULL, NULL,
   '-', '-'),
  ('380ce226-afe6-ba76-fbd8-9cdc0b675701', NULL, NULL, NULL,
   NULL, NULL, NULL, NULL,
   NULL, NULL),
  ('d9f7b290-07d3-fb3c-3726-0a6e8f147b89', 'vat_consultant', NULL, NULL,
   '2026-03-28', NULL, NULL, NULL,
   '-', '-'),
  ('a6c1d0d8-863c-f001-728b-2c0b81f0127d', 'noi', NULL, NULL,
   NULL, NULL, NULL, NULL,
   NULL, NULL),
  ('d94ecee2-8ff2-a604-1e96-acdf38bb5b38', 'in_sospeso', NULL, NULL,
   NULL, NULL, NULL, NULL,
   NULL, NULL),
  ('6d593d0f-ad28-ff8f-6d00-6e36f6678c7b', 'noi', NULL, NULL,
   NULL, NULL, NULL, NULL,
   NULL, NULL),
  ('92b1ec96-0bc8-2146-0119-1c755987fe99', 'affinitas', NULL, NULL,
   '2026-01-28', NULL, NULL, NULL,
   '-', 'paga lui affinitas'),
  ('7de07b9e-60cb-407d-03dc-24d8a63ae014', NULL, NULL, NULL,
   NULL, NULL, NULL, NULL,
   NULL, NULL),
  ('d93187f1-8d2e-2584-6fbe-4aa1d636dcd9', 'vat_consultant', '2026-01-23', '2026-01-28',
   '2026-05-28', NULL, NULL, NULL,
   '2026-01-28 00:00:00', 'ft. gennaio'),
  ('f8b70254-e578-7c5d-5bba-8795ecd11971', 'vat_consultant', NULL, NULL,
   '2026-03-28', NULL, NULL, NULL,
   NULL, NULL),
  ('a49312ca-b729-e183-e217-a8a03603615c', 'noi', NULL, NULL,
   NULL, NULL, NULL, NULL,
   NULL, NULL),
  ('72e8d369-a310-276b-ee74-b43a3c34e7a2', 'noi', '2026-01-26', '2026-01-28',
   '2025-04-28', NULL, NULL, NULL,
   '1800 28/01/2026', 'NO'),
  ('bc757f51-a251-b788-bd9b-e38ea2c8c6ca', 'vat_consultant', NULL, NULL,
   NULL, NULL, NULL, NULL,
   NULL, NULL),
  ('1f717da7-4dc9-3f31-1ff9-93b03dfe1bdb', NULL, NULL, NULL,
   NULL, NULL, NULL, NULL,
   NULL, NULL),
  ('ed530b3a-1950-0522-c897-e69350177b68', 'noi', NULL, NULL,
   NULL, NULL, NULL, NULL,
   NULL, NULL),
  ('b4bf5b8f-72fc-2f9d-ff65-a2c1fc97c5ce', 'vat_consultant', '2026-01-26', '2026-01-27',
   '2026-05-28', NULL, NULL, NULL,
   '2k 27/01/2026', 'ft. gennaio'),
  ('d4b409c3-f197-a8c1-62d9-c28c95898b08', 'vat_consultant', NULL, NULL,
   '2026-03-28', NULL, NULL, NULL,
   NULL, NULL),
  ('6c72d256-daee-b1d0-5ee0-5d3795b2c420', 'affinitas', NULL, NULL,
   NULL, NULL, NULL, NULL,
   NULL, NULL),
  ('953f6352-7448-d43e-a163-bff61126fd9a', 'noi', NULL, NULL,
   NULL, NULL, NULL, NULL,
   NULL, NULL),
  ('a90f8d62-e32c-e025-866c-e8d5a9742fe7', 'noi', NULL, NULL,
   NULL, NULL, NULL, NULL,
   NULL, 'NO'),
  ('d76a751a-f435-372b-3312-06ca8c3e00ae', 'altro', NULL, NULL,
   NULL, NULL, NULL, NULL,
   NULL, NULL),
  ('d49ae69b-f9d4-8267-2c5d-2ca0b5e5958d', 'noi', '2026-01-22', '2026-01-29',
   '2026-05-28', NULL, NULL, NULL,
   '17/02/2026 2k', 'NO'),
  ('b6642a68-21b7-5d3b-94d1-0605f87a027e', NULL, NULL, NULL,
   '2026-03-28', '2026-05-28', NULL, NULL,
   NULL, NULL),
  ('8795ecd2-93af-0d76-855b-0569753bd008', 'noi', NULL, NULL,
   NULL, NULL, NULL, NULL,
   NULL, NULL),
  ('bb652011-53cd-2fbb-f70a-a7f60c160d83', 'affinitas', NULL, NULL,
   NULL, NULL, NULL, NULL,
   NULL, NULL),
  ('2bbf4f00-ca2a-deb0-87bb-d12ab56283c0', 'noi', NULL, NULL,
   NULL, NULL, NULL, NULL,
   NULL, NULL),
  ('2d090dc9-23c9-e17c-4cd0-eb41285bf4b6', 'noi', NULL, NULL,
   NULL, NULL, NULL, NULL,
   NULL, NULL),
  ('b977b685-d80b-6ac6-5bd9-470e8485e555', 'vat_consultant', NULL, NULL,
   NULL, NULL, NULL, NULL,
   NULL, NULL),
  ('d858744d-eb0e-928f-d4db-b16bcce0fb16', NULL, NULL, NULL,
   NULL, NULL, NULL, NULL,
   NULL, NULL),
  ('4f49f2cc-fc31-cebf-1190-f7e1ba2ffb49', 'noi', NULL, NULL,
   NULL, NULL, NULL, NULL,
   NULL, NULL),
  ('18f49da7-008c-0623-ca1f-0b6197e9a171', 'vat_consultant', '2025-11-05', '2026-12-18',
   '2026-03-02', NULL, NULL, NULL,
   '2026-01-04 00:00:00', 'ft. novembre'),
  ('a1fdba57-7cb6-5998-c712-a8548eb61229', 'noi', NULL, NULL,
   NULL, NULL, NULL, NULL,
   NULL, NULL),
  ('9bcdbcc1-c840-3d52-b6fe-f84970d8d675', 'noi', NULL, NULL,
   NULL, NULL, NULL, NULL,
   NULL, NULL),
  ('a444bb06-cd06-f471-c8bd-e541868d1c01', 'vat_consultant', NULL, NULL,
   NULL, NULL, NULL, NULL,
   NULL, NULL),
  ('762bf2e2-1c3b-0737-8d43-213179c80700', 'vat_consultant', '2025-11-13', '2025-12-04',
   '2026-03-28', NULL, NULL, NULL,
   'no le avise quilombo', 'ft. novembre'),
  ('3de4901a-1ba6-75ce-fad3-5ae673124ccd', 'noi', NULL, NULL,
   NULL, NULL, NULL, NULL,
   NULL, NULL),
  ('cc0c7355-4346-762f-6a9b-94721d908c31', 'noi', NULL, NULL,
   NULL, NULL, NULL, NULL,
   NULL, NULL),
  ('550afa64-fd61-8949-804e-ced7c0e9cdb9', 'noi', NULL, NULL,
   NULL, NULL, NULL, NULL,
   NULL, NULL),
  ('11fa5a95-92a3-047d-6a08-ea2c868db2ed', NULL, NULL, NULL,
   NULL, NULL, NULL, NULL,
   NULL, NULL),
  ('99285a3b-608a-fd8a-f88e-bf31c6bcc6e8', 'noi', NULL, NULL,
   NULL, NULL, NULL, NULL,
   NULL, NULL),
  ('5f3a66d4-b11f-3c65-4ac6-be5ecfa23858', 'affinitas', '2025-11-13', '2025-11-24',
   '2026-03-30', NULL, NULL, NULL,
   '2025-12-16 00:00:00', 'nn paghiamo affin'),
  ('0c35007e-a06e-8184-ed58-cc66a303f302', 'affinitas', NULL, NULL,
   NULL, NULL, NULL, NULL,
   NULL, NULL),
  ('84c8f9e7-6483-d20b-312a-5208d351fb9f', 'vat_consultant', NULL, NULL,
   NULL, NULL, NULL, NULL,
   NULL, NULL),
  ('0f6e5b09-4275-13d7-92e2-20c7f63aabd7', 'affinitas', NULL, NULL,
   NULL, NULL, NULL, NULL,
   NULL, NULL),
  ('7e0a6d78-27d7-1af7-d4a9-95c9920ae42d', 'noi', NULL, NULL,
   NULL, NULL, NULL, NULL,
   NULL, NULL),
  ('31c71465-a88a-04e1-e71a-a8920526b506', NULL, NULL, NULL,
   NULL, NULL, NULL, NULL,
   NULL, NULL),
  ('0fcd692b-dd85-30c5-bb53-125e130bab2c', 'vat_consultant', '2026-01-14', '2026-01-15',
   '2026-04-28', NULL, NULL, NULL,
   '2026-01-20 00:00:00', 'ft. gennaio'),
  ('72ab67d5-15de-baae-3120-7d01f2300ae0', 'vat_consultant', NULL, NULL,
   NULL, NULL, NULL, NULL,
   NULL, NULL),
  ('ffffb626-a303-102c-2de2-8d7e654d3acb', 'vat_consultant', NULL, NULL,
   NULL, NULL, NULL, NULL,
   NULL, NULL),
  ('bc7684e4-b2f8-b21c-8464-c9066d1b10ae', 'vat_consultant', '2025-11-12', '2025-12-21',
   '2026-04-28', NULL, NULL, NULL,
   '18sep', 'ft. ottobre'),
  ('139727af-d739-d207-b6fc-21e14129e656', 'noi', NULL, NULL,
   NULL, NULL, NULL, NULL,
   NULL, NULL),
  ('c9dd23f6-51ba-27e9-588c-682c1a478383', NULL, NULL, NULL,
   NULL, NULL, NULL, NULL,
   NULL, NULL),
  ('c2123288-de91-4fdf-ffa8-f2dee1fe01d6', NULL, NULL, NULL,
   NULL, NULL, NULL, NULL,
   NULL, NULL),
  ('c33c05c8-bc48-1e18-549f-24285e782f07', 'vat_consultant', NULL, '2025-09-01',
   '2026-03-28', NULL, NULL, NULL,
   '02sep', '-'),
  ('1f57986f-ade1-66c1-ecf9-9c8241f83675', 'noi', NULL, NULL,
   NULL, NULL, NULL, NULL,
   NULL, NULL),
  ('05a90db8-8bd9-d9a9-0902-9130a567fde3', NULL, NULL, NULL,
   NULL, NULL, NULL, NULL,
   NULL, NULL),
  ('4bdddb5b-d119-eea8-475d-f3afa5968670', 'vat_consultant', NULL, '2025-08-01',
   '2026-03-02', NULL, NULL, NULL,
   '-', '-'),
  ('0716a46a-91e1-0535-9c49-c623317ecf23', 'vat_consultant', NULL, NULL,
   NULL, NULL, NULL, NULL,
   NULL, NULL),
  ('9f2c3f7d-0780-e5ba-39a7-76576275cdef', 'affinitas', NULL, NULL,
   '2026-03-30', NULL, NULL, NULL,
   NULL, NULL),
  ('bb95430a-c73d-dd26-6c1a-5bfb2e9606ac', NULL, NULL, NULL,
   NULL, NULL, NULL, NULL,
   NULL, NULL),
  ('457ed72c-0603-b5bb-71e5-dbc4c63ffb98', 'noi', NULL, NULL,
   NULL, NULL, NULL, NULL,
   NULL, NULL),
  ('5a19d2dd-9ccd-f60c-49ba-40c046417390', 'vat_consultant', NULL, NULL,
   NULL, NULL, NULL, NULL,
   NULL, NULL),
  ('82091ee3-b4db-cada-bca9-4d120416f8fa', 'in_sospeso', NULL, NULL,
   NULL, NULL, NULL, NULL,
   NULL, NULL),
  ('ec260a6f-0b19-719a-29fb-1df87aba87ae', 'vat_consultant', NULL, NULL,
   '2026-03-02', NULL, NULL, NULL,
   NULL, NULL),
  ('28456c6d-82ba-fa8a-1511-474afc4778ac', 'vat_consultant', '2025-08-31', '2025-09-01',
   '2026-03-28', NULL, NULL, NULL,
   '2025-08-26 00:00:00', '2025-08-29 00:00:00'),
  ('60b17d58-239a-904f-022d-4c4814cb9ea3', 'vat_consultant', NULL, NULL,
   NULL, NULL, NULL, NULL,
   '2000 AED', NULL),
  ('e38ef7a0-87e3-7aa1-4317-129be6672583', 'vat_consultant', '2025-10-17', '2025-10-31',
   '2026-03-02', NULL, NULL, NULL,
   '2025-11-04 00:00:00', 'ft. ottobre'),
  ('f49bd6c6-c27c-4034-d5e5-4d1af48432fa', 'affinitas', NULL, NULL,
   NULL, NULL, NULL, NULL,
   NULL, NULL),
  ('dd81798f-31e8-4143-6796-a4c2ce7f1361', 'vat_consultant', '2025-11-11', '2025-11-27',
   '2026-03-28', NULL, NULL, NULL,
   '-', 'ft. novembre'),
  ('14bcf9ad-4456-901d-0693-f48cf8d47f6a', 'vat_consultant', '2025-01-27', '2025-02-16',
   '2026-05-28', NULL, NULL, NULL,
   'lo fa pagare?', 'NO'),
  ('d8f8bd10-aa2b-4cd3-96b0-e6d1252c0f64', 'noi', NULL, NULL,
   NULL, NULL, NULL, NULL,
   NULL, NULL),
  ('9afc6625-3c5e-9018-3350-f8718d23338d', 'vat_consultant', NULL, NULL,
   NULL, NULL, NULL, NULL,
   NULL, NULL),
  ('b32328b3-e33a-77ac-951d-7ec2630e052b', 'noi', NULL, NULL,
   '2026-02-11', '2026-05-31', '2026-08-31', '2026-11-30',
   NULL, NULL),
  ('28922c28-b626-9c92-6032-997dbf39586f', 'vat_consultant', NULL, '2025-08-01',
   '2026-03-02', NULL, NULL, NULL,
   '-', '-');

-- ── AFFINITAS SUBSCRIPTIONS ─────────────────────────────────
insert into affinitas_subscriptions (
  subscription_ref, company_name, status, start_date,
  next_payment, orders_count, notes, in_segreteria
) values
  ('#6635', 'CCH Specialist FZCO', 'Active', '2025-06-04',
   '2025-07-04', 1, NULL, true),
  ('#6511', 'Vertex FZCO', 'Active', '2025-05-16',
   NULL, 1, NULL, true),
  ('#6509', 'Comitia global FZCO', 'Active', '2025-05-16',
   NULL, 1, NULL, true),
  ('#6507', 'GDV FZCO', 'Active', '2025-05-16',
   NULL, 1, 'No in gestione segretria: Amici', false),
  ('#6505', 'Neutrobits FZCO', 'Active', '2025-05-16',
   NULL, 1, NULL, true),
  ('#6503', 'Andema FZCO', 'Active', '2025-05-16',
   NULL, 1, NULL, true),
  ('#6137', 'Gtradin Consulting Fzco', 'Active', '2025-03-24',
   '2025-06-24', 2, NULL, true),
  ('#5844', 'Luroc training global FZCO', 'Active', '2025-02-27',
   '2025-06-28', 4, 'No in gestione segretria: Amici', false),
  ('#4957', 'Nexuse Collab fzco', 'Active', '2025-01-13',
   '2025-07-13', 4, NULL, true),
  ('#3597', 'Xelor Digital Corp FZCO', 'Active', '2024-10-28',
   '2025-06-30', 8, NULL, true),
  ('#3595', 'SBF MAnagement FZCO', 'Active', '2024-10-28',
   '2025-06-30', 8, NULL, true),
  ('#3361', 'Finit Marketing LLC FZE', 'Active', '2024-07-25',
   '2025-06-25', 10, NULL, true),
  ('#3148', 'Ecomshark Fzco', 'Active', '2024-06-21',
   '2025-06-21', 3, NULL, true),
  ('#3110', 'Cybersite Solution fzco', 'Active', '2024-06-10',
   '2025-07-10', 11, NULL, true),
  ('#3066', 'MGC Marco Giuseppe Cataudella', 'Active', '2024-05-23',
   '2025-06-23', 3, NULL, true),
  ('#3057', 'Alessandro Armeni', 'Active', '2024-05-16',
   NULL, 4, NULL, true),
  ('#2992', 'Fastscale consulting Fzco', 'Active', '2024-03-22',
   '2025-07-01', 4, NULL, true);

commit;

-- ============================================================
-- Seed completato. Clienti caricati: 97
-- ============================================================